Geography,Geographic Area Name,Total Population,Total Population MOE,Male,Male MOE,Male Under 5 years,Male Under 5 years MOE,Male 5 to 9 years,Male 5 to 9 years MOE,Male 10 to 14 years,Male 10 to 14 years MOE,Male 15 to 17 years,Male 15 to 17 years MOE,Male 18 and 19 years,Male 18 and 19 years MOE,Male 20 years,Male 20 years MOE,Male 21 years,Male 21 years MOE,Male 22 to 24 years,Male 22 to 24 years MOE,Male 25 to 29 years,Male 25 to 29 years MOE,Male 30 to 34 years,Male 30 to 34 years MOE,Male 35 to 39 years,Male 35 to 39 years MOE,Male 40 to 44 years,Male 40 to 44 years MOE,Male 45 to 49 years,Male 45 to 49 years MOE,Male 50 to 54 years,Male 50 to 54 years MOE,Male 55 to 59 years,Male 55 to 59 years MOE,Male 60 and 61 years,Male 60 and 61 years MOE,Male 62 to 64 years,Male 62 to 64 years MOE,Male 65 and 66 years,Male 65 and 66 years MOE,Male 67 to 69 years,Male 67 to 69 years MOE,Male 70 to 74 years,Male 70 to 74 years MOE,Male 75 to 79 years,Male 75 to 79 years MOE,Male 80 to 84 years,Male 80 to 84 years MOE,Male 85 years and over,Male 85 years and over MOE,Female,Female MOE,Female Under 5 years,Female Under 5 years MOE,Female 5 to 9 years,Female 5 to 9 years MOE,Female 10 to 14 years,Female 10 to 14 years MOE,Female 15 to 17 years,Female 15 to 17 years MOE,Female 18 and 19 years,Female 18 and 19 years MOE,Female 20 years,Female 20 years MOE,Female 21 years,Female 21 years MOE,Female 22 to 24 years,Female 22 to 24 years MOE,Female 25 to 29 years,Female 25 to 29 years MOE,Female 30 to 34 years,Female 30 to 34 years MOE,Female 35 to 39 years,Female 35 to 39 years MOE,Female 40 to 44 years,Female 40 to 44 years MOE,Female 45 to 49 years,Female 45 to 49 years MOE,Female 50 to 54 years,Female 50 to 54 years MOE,Female 55 to 59 years,Female 55 to 59 years MOE,Female 60 and 61 years,Female 60 and 61 years MOE,Female 62 to 64 years,Female 62 to 64 years MOE,Female 65 and 66 years,Female 65 and 66 years MOE,Female 67 to 69 years,Female 67 to 69 years MOE,Female 70 to 74 years,Female 70 to 74 years MOE,Female 75 to 79 years,Female 75 to 79 years MOE,Female 80 to 84 years,Female 80 to 84 years MOE,Female 85 years and over,Female 85 years and over MOE
1500000US010890002031,Block Group 1; Census Tract 2.03; Madison County; Alabama,1387,615,776,393,147,92,32,34,47,76,18,28,0,13,0,13,0,13,28,34,29,39,206,242,60,62,45,33,0,13,45,48,84,122,0,13,15,18,0,13,3,10,7,17,0,13,6,9,4,12,611,259,75,56,49,40,0,13,16,47,0,13,0,13,47,41,89,82,17,20,43,45,14,21,15,30,10,15,76,148,51,44,26,30,18,30,4,11,7,13,46,35,7,10,0,13,1,4
1500000US010890002032,Block Group 2; Census Tract 2.03; Madison County; Alabama,3681,441,1604,610,0,13,0,13,31,45,16,25,839,361,331,188,97,70,232,165,0,13,9,21,15,23,0,13,0,13,0,13,0,13,0,13,0,13,23,26,0,13,5,9,0,13,6,10,0,13,2077,626,10,16,0,13,16,25,0,13,1085,356,319,220,406,246,128,139,7,19,16,25,9,15,31,44,0,13,0,13,0,13,0,13,28,31,10,16,0,13,6,10,0,13,6,10,0,13
1500000US010890002033,Block Group 3; Census Tract 2.03; Madison County; Alabama,1265,405,487,140,0,13,30,53,56,58,4,14,0,13,0,13,5,9,82,64,0,13,93,66,15,23,66,63,14,22,29,33,3,5,21,30,38,40,0,13,5,7,12,19,14,14,0,13,0,13,778,337,20,29,65,65,57,51,128,128,25,37,0,13,0,13,20,30,0,13,168,174,48,43,16,24,0,13,56,44,53,42,18,25,25,31,0,13,5,8,54,32,4,8,0,13,16,19
1500000US010890003011,Block Group 1; Census Tract 3.01; Madison County; Alabama,1030,305,535,203,97,91,35,55,41,50,15,24,0,13,0,13,0,13,11,18,0,13,0,13,29,35,15,22,36,53,29,45,0,13,32,42,27,43,13,21,11,17,88,64,22,25,22,35,12,19,495,164,14,23,8,14,37,49,20,24,19,31,14,22,0,13,0,13,0,13,37,60,78,64,0,13,44,39,2,4,63,46,11,15,9,16,0,13,33,42,36,34,22,25,26,23,22,34
1500000US010890003012,Block Group 2; Census Tract 3.01; Madison County; Alabama,1267,455,632,228,80,61,26,41,33,32,38,41,78,80,0,13,0,13,9,15,37,42,61,42,99,96,14,24,19,30,15,23,29,30,0,13,14,22,17,21,33,36,0,13,26,34,4,8,0,13,635,244,73,65,44,51,83,117,34,51,0,13,0,13,0,13,20,31,15,25,35,32,35,34,82,75,11,18,0,13,52,39,18,15,57,48,12,18,0,13,51,51,5,9,8,13,0,13
1500000US010890003013,Block Group 3; Census Tract 3.01; Madison County; Alabama,1618,573,781,331,32,55,99,83,112,118,0,13,70,89,12,24,26,42,110,131,93,103,25,46,52,47,44,51,9,16,0,13,43,49,9,15,18,26,0,13,0,13,20,31,7,11,0,13,0,13,837,343,53,55,0,13,27,42,50,56,49,56,0,13,0,13,0,13,100,71,111,133,78,68,64,77,11,23,45,44,67,61,29,34,22,21,54,55,21,27,20,23,11,16,7,13,18,21
1500000US010890003021,Block Group 1; Census Tract 3.02; Madison County; Alabama,3091,1112,1194,428,285,307,146,110,49,73,0,13,23,37,0,13,0,13,0,13,54,54,15,24,118,102,91,76,32,33,56,71,78,62,73,118,55,62,13,23,17,29,33,33,20,25,36,41,0,13,1897,791,200,190,128,151,156,119,54,64,16,25,50,79,0,13,117,171,375,382,122,100,180,149,14,18,13,23,73,47,116,115,107,127,12,19,5,8,26,31,54,46,50,63,29,35,0,13
1500000US010890003022,Block Group 2; Census Tract 3.02; Madison County; Alabama,1235,468,469,192,18,30,34,32,121,79,40,60,0,13,0,13,17,32,9,17,0,13,41,43,0,13,36,55,29,32,0,13,14,22,0,13,18,30,15,23,14,23,15,23,14,25,34,48,0,13,766,359,22,33,39,67,85,76,0,13,0,13,0,13,0,13,0,13,47,82,58,52,57,70,97,96,7,11,164,230,16,26,40,59,29,30,38,57,16,26,11,17,40,56,0,13,0,13
1500000US010890004031,Block Group 1; Census Tract 4.03; Madison County; Alabama,2560,667,1084,392,16,25,129,134,38,61,78,90,0,13,0,13,0,13,176,154,0,13,18,32,50,68,12,21,121,96,77,91,65,65,47,45,23,31,26,33,18,22,56,52,63,91,67,60,4,8,1476,442,122,178,130,161,40,45,34,41,21,31,19,31,36,43,145,119,180,130,32,41,0,13,60,46,65,49,89,88,127,88,48,59,17,24,141,167,0,13,87,55,23,28,46,51,14,17
1500000US010890004032,Block Group 2; Census Tract 4.03; Madison County; Alabama,641,365,378,255,0,13,67,57,13,25,87,122,0,13,26,43,11,20,42,61,0,13,25,42,10,17,21,33,12,22,0,13,13,20,0,13,16,25,21,34,0,13,14,15,0,13,0,13,0,13,263,156,0,13,0,13,12,22,25,47,0,13,0,13,0,13,36,45,22,39,42,38,17,29,0,13,13,23,33,47,7,11,15,25,25,41,0,13,7,12,9,14,0,13,0,13,0,13
1500000US010890004033,Block Group 3; Census Tract 4.03; Madison County; Alabama,2390,798,1212,420,89,93,0,13,0,13,78,100,16,26,0,13,22,36,40,52,155,149,147,100,0,13,93,72,0,13,56,58,59,58,61,56,73,53,32,43,149,203,65,44,15,23,5,9,57,51,1178,434,12,19,175,221,28,41,12,18,54,71,0,13,0,13,28,46,22,24,52,47,22,37,108,70,65,65,98,70,80,56,37,49,133,155,3,5,96,54,22,22,14,23,54,45,63,50
1500000US010890005011,Block Group 1; Census Tract 5.01; Madison County; Alabama,1336,276,553,169,99,55,86,80,85,51,16,18,0,13,22,23,0,13,44,45,10,10,1,4,42,32,11,13,29,22,33,26,4,9,6,11,0,13,0,13,27,16,6,9,13,14,11,12,8,11,783,198,62,71,195,116,110,66,17,18,0,13,0,13,0,13,33,57,18,17,9,15,64,53,25,19,56,38,15,17,43,34,0,13,33,29,7,12,14,17,44,39,30,22,2,3,6,10
1500000US010890005012,Block Group 2; Census Tract 5.01; Madison County; Alabama,1123,582,525,287,7,12,25,38,32,38,36,43,0,13,77,116,0,13,96,142,57,62,13,20,48,44,15,26,0,13,27,42,32,24,0,13,0,13,32,38,0,13,18,22,7,10,3,5,0,13,598,330,0,13,196,241,52,61,0,13,0,13,0,13,11,17,33,49,10,16,8,14,52,45,47,60,33,53,8,12,77,55,27,24,7,11,0,13,20,22,8,13,9,11,0,13,0,13
1500000US010890005021,Block Group 1; Census Tract 5.02; Madison County; Alabama,835,295,345,150,28,34,42,45,0,13,0,13,0,13,0,13,0,13,6,10,14,22,23,30,7,13,12,18,0,13,34,37,14,16,4,13,59,55,9,13,64,88,19,29,10,10,0,13,0,13,490,193,41,53,2,4,12,19,0,13,0,13,0,13,0,13,12,18,35,44,9,13,11,18,0,13,13,19,27,21,34,26,7,13,27,26,9,12,150,146,40,37,28,21,8,10,25,18
1500000US010890005022,Block Group 2; Census Tract 5.02; Madison County; Alabama,987,329,587,306,1,2,55,47,36,56,10,17,50,66,0,13,0,13,0,13,73,99,119,118,75,77,81,66,0,13,3,6,14,16,6,8,4,6,10,13,33,48,9,10,8,11,0,13,0,13,400,157,0,13,0,13,21,24,0,13,0,13,34,39,0,13,5,7,19,29,0,13,63,72,62,43,0,13,19,22,33,28,52,58,0,13,0,13,4,8,22,19,50,27,8,8,8,8
1500000US010890005031,Block Group 1; Census Tract 5.03; Madison County; Alabama,825,247,391,162,67,104,30,41,7,11,9,12,16,20,12,22,0,13,5,13,71,47,10,16,0,13,18,18,16,18,19,19,29,24,13,13,0,13,0,13,0,13,40,40,0,13,20,17,9,11,434,153,7,11,38,27,57,51,8,13,38,57,0,13,0,13,41,34,35,25,24,38,35,35,7,11,15,13,19,16,40,25,0,13,13,16,0,13,8,13,0,13,32,20,15,20,2,4
1500000US010890005032,Block Group 2; Census Tract 5.03; Madison County; Alabama,1157,485,576,263,7,12,49,40,2,12,211,250,0,13,0,13,7,11,5,11,79,60,32,40,5,11,7,11,18,21,0,13,17,20,26,25,9,17,26,25,0,13,0,13,33,34,0,13,43,57,581,259,6,11,41,36,3,12,23,32,111,151,13,22,8,13,7,11,26,26,15,19,43,31,13,16,0,13,42,30,88,89,35,29,11,14,32,38,0,13,0,13,57,57,7,12,0,13
1500000US010890006011,Block Group 1; Census Tract 6.01; Madison County; Alabama,719,290,367,189,0,13,23,26,8,14,0,13,0,13,0,13,0,13,0,13,25,38,30,69,47,35,57,56,11,18,65,100,33,40,4,6,11,14,7,9,5,7,18,21,12,17,8,9,3,5,352,158,22,35,0,13,14,18,3,8,0,13,0,13,0,13,80,77,43,45,0,13,40,36,28,30,25,19,31,39,0,13,17,14,4,6,9,16,11,17,4,6,8,9,9,9,4,6
1500000US010890006012,Block Group 2; Census Tract 6.01; Madison County; Alabama,928,206,361,108,0,13,19,31,0,13,18,30,0,13,0,13,0,13,20,32,18,28,6,12,94,66,0,13,102,70,27,34,33,30,0,13,17,17,0,13,0,13,0,13,0,13,7,10,0,13,567,118,0,13,0,13,108,58,160,52,19,29,0,13,0,13,0,13,0,13,0,13,68,56,37,40,0,13,48,35,44,37,0,13,46,37,4,6,0,13,18,26,15,14,0,13,0,13
1500000US010890006021,Block Group 1; Census Tract 6.02; Madison County; Alabama,1170,433,552,206,8,13,2,7,11,15,73,93,35,46,0,13,28,36,16,17,82,85,4,9,35,41,5,7,6,9,0,13,38,37,83,96,8,12,21,32,48,40,8,11,15,15,19,13,7,11,618,261,5,10,10,21,25,33,6,11,15,21,9,15,0,13,14,22,4,11,6,9,149,188,13,15,35,30,45,40,34,27,78,80,17,14,31,36,22,20,26,31,6,10,46,32,22,36
1500000US010890006022,Block Group 2; Census Tract 6.02; Madison County; Alabama,916,261,407,129,5,8,0,13,8,13,56,71,22,28,0,13,24,28,0,13,14,16,51,43,0,13,37,44,65,47,28,21,15,17,13,14,3,5,5,9,16,17,0,13,31,23,5,9,9,12,509,163,0,13,20,18,15,18,45,43,38,48,8,12,0,13,0,13,98,76,8,13,7,12,52,56,46,44,22,32,44,27,22,19,0,13,21,26,10,15,29,22,0,13,0,13,24,21
1500000US010890007011,Block Group 1; Census Tract 7.01; Madison County; Alabama,1292,395,610,223,169,148,40,42,18,32,34,41,0,13,2,5,0,13,2,5,71,105,90,113,27,31,67,71,32,44,0,13,0,13,0,13,1,4,29,48,9,19,0,13,8,14,11,21,0,13,682,231,130,122,52,61,0,13,0,13,0,13,0,13,0,13,31,48,74,69,46,45,0,13,18,32,116,133,38,43,53,66,9,21,8,10,61,80,0,13,35,58,0,13,0,13,11,19
1500000US010890007012,Block Group 2; Census Tract 7.01; Madison County; Alabama,588,320,259,148,0,13,25,38,42,48,26,40,0,13,0,13,0,13,0,13,0,13,0,13,0,13,26,40,15,26,46,52,32,39,11,18,0,13,0,13,19,34,17,26,0,13,0,13,0,13,329,196,0,13,27,43,0,13,78,90,0,13,0,13,0,13,0,13,16,27,0,13,33,45,42,44,15,26,15,27,32,42,0,13,8,14,7,11,0,13,20,29,7,15,29,45,0,13
1500000US010890007013,Block Group 3; Census Tract 7.01; Madison County; Alabama,1223,353,462,139,0,13,17,28,49,65,4,7,0,13,15,21,8,15,28,44,115,79,25,38,0,13,19,31,0,13,0,13,53,42,35,57,44,52,0,13,10,16,36,56,4,10,0,13,0,13,761,252,84,135,0,13,0,13,64,73,0,13,17,28,0,13,68,74,67,68,31,39,17,29,39,64,9,19,81,75,15,17,49,83,9,15,0,13,123,133,68,45,6,11,0,13,14,16
1500000US010890007021,Block Group 1; Census Tract 7.02; Madison County; Alabama,1557,343,788,228,0,13,40,48,54,69,0,13,0,13,60,71,26,45,0,13,93,66,0,13,86,62,0,13,39,46,76,88,130,70,14,23,0,13,36,47,14,18,68,36,46,45,0,13,6,10,769,179,1,2,34,46,29,36,0,13,0,13,0,13,0,13,48,56,21,35,13,20,30,40,91,56,25,42,55,52,70,60,79,72,85,72,7,12,96,57,31,36,16,25,14,22,24,40
1500000US010890007022,Block Group 2; Census Tract 7.02; Madison County; Alabama,1398,451,646,370,0,13,27,47,17,32,46,48,0,13,0,13,0,13,0,13,81,98,0,13,10,19,115,141,147,194,0,13,0,13,0,13,13,22,0,13,46,43,98,108,26,29,0,13,20,23,752,216,0,13,44,47,19,33,20,34,45,58,0,13,0,13,0,13,84,111,0,13,0,13,30,35,25,33,0,13,25,44,0,13,43,40,11,20,0,13,84,56,105,59,97,114,120,73
1500000US010890009011,Block Group 1; Census Tract 9.01; Madison County; Alabama,919,294,480,165,0,13,0,13,0,13,0,13,0,13,43,66,0,13,0,13,72,82,27,36,0,13,0,13,0,13,124,109,0,13,21,28,39,49,15,27,0,13,47,52,55,63,0,13,37,42,439,194,0,13,0,13,0,13,0,13,0,13,0,13,0,13,0,13,42,63,20,32,0,13,15,25,0,13,88,86,49,47,15,29,32,43,0,13,25,38,0,13,43,49,23,36,87,130
1500000US010890009012,Block Group 2; Census Tract 9.01; Madison County; Alabama,1059,503,617,305,132,167,0,13,18,32,0,13,0,13,0,13,0,13,0,13,14,33,36,53,88,88,19,35,0,13,0,13,25,39,37,59,32,43,13,22,47,73,45,56,63,46,0,13,48,49,442,232,0,13,11,26,0,13,0,13,29,47,0,13,0,13,15,25,72,94,9,22,14,24,0,13,9,23,35,38,12,28,10,23,0,13,35,41,24,38,48,59,76,54,29,39,14,24
1500000US010890009013,Block Group 3; Census Tract 9.01; Madison County; Alabama,1002,587,397,317,0,13,0,13,0,13,0,13,0,13,0,13,0,13,62,102,0,13,64,85,59,56,0,13,37,58,0,13,0,13,14,24,0,13,44,71,21,35,46,78,0,13,0,13,50,83,605,313,70,86,0,13,0,13,0,13,0,13,0,13,0,13,127,153,69,91,20,37,7,21,54,97,109,100,29,52,0,13,0,13,54,53,22,35,0,13,0,13,0,13,44,50,0,13
1500000US010890009014,Block Group 4; Census Tract 9.01; Madison County; Alabama,1362,450,778,379,0,13,4,9,85,100,112,100,0,13,0,13,52,81,36,59,24,39,107,100,78,79,0,13,7,13,109,85,21,46,0,13,16,26,0,13,47,75,20,32,39,54,21,34,0,13,584,224,0,13,0,13,105,129,29,49,17,35,0,13,0,13,0,13,0,13,55,77,134,106,30,54,6,12,21,46,26,44,12,19,5,14,0,13,43,46,62,66,23,37,16,25,0,13
1500000US010890009021,Block Group 1; Census Tract 9.02; Madison County; Alabama,1576,495,926,306,8,14,72,102,36,34,28,26,0,13,34,34,15,24,28,29,137,120,87,51,52,46,27,27,58,34,220,255,10,15,26,25,18,19,10,17,24,28,6,11,23,22,0,13,7,12,650,215,8,16,0,13,0,13,0,13,0,13,0,13,16,19,51,44,90,66,77,60,23,23,46,37,20,24,135,193,51,38,46,39,36,33,0,13,0,13,16,19,25,22,10,15,0,13
1500000US010890009022,Block Group 2; Census Tract 9.02; Madison County; Alabama,819,232,405,124,30,34,8,12,13,17,0,13,0,13,14,20,0,13,23,25,27,34,35,32,72,59,23,24,12,14,33,28,16,18,15,19,12,18,27,31,0,13,5,8,25,23,9,12,6,10,414,144,4,6,18,31,45,58,1,2,7,12,17,25,4,7,0,13,33,38,19,21,13,14,63,57,9,14,21,21,17,19,18,28,0,13,17,19,0,13,27,26,53,39,20,20,8,12
1500000US010890010001,Block Group 1; Census Tract 10; Madison County; Alabama,1529,336,661,183,16,24,7,12,24,35,0,13,0,13,0,13,0,13,17,26,66,52,77,55,55,45,7,11,45,33,58,42,52,42,61,78,20,22,34,43,54,58,33,32,35,24,0,13,0,13,868,210,45,39,23,25,35,34,29,27,21,27,0,13,0,13,0,13,79,52,91,59,76,41,40,36,80,96,9,15,90,62,21,25,27,28,31,25,40,34,74,45,9,14,29,27,19,21
1500000US010890010002,Block Group 2; Census Tract 10; Madison County; Alabama,1394,356,630,168,0,13,0,13,0,13,8,11,6,8,0,13,0,13,26,31,91,81,70,57,137,89,83,59,28,26,54,63,36,45,21,24,43,35,0,13,20,22,7,11,0,13,0,13,0,13,764,234,22,25,106,110,11,18,0,13,0,13,0,13,0,13,21,25,127,80,67,46,83,76,46,38,32,46,22,19,68,60,10,16,25,22,0,13,25,27,0,13,35,51,64,106,0,13
1500000US010890012001,Block Group 1; Census Tract 12; Madison County; Alabama,1705,468,819,387,213,210,170,144,0,13,0,13,0,13,0,13,0,13,0,13,19,29,193,89,21,31,0,13,0,13,113,139,14,21,0,13,20,32,0,13,0,13,12,19,44,37,0,13,0,13,886,357,54,83,16,25,105,85,172,136,0,13,0,13,0,13,41,38,26,29,54,81,20,31,31,40,22,24,36,33,41,46,0,13,7,12,14,27,0,13,201,267,11,18,31,56,4,8
1500000US010890012002,Block Group 2; Census Tract 12; Madison County; Alabama,571,270,157,107,99,97,0,13,36,43,0,13,0,13,0,13,0,13,0,13,0,13,0,13,0,13,18,29,0,13,4,7,0,13,0,13,0,13,0,13,0,13,0,13,0,13,0,13,0,13,414,195,76,77,66,65,36,54,0,13,0,13,54,84,0,13,0,13,44,64,54,58,53,58,0,13,0,13,0,13,11,22,0,13,0,13,20,31,0,13,0,13,0,13,0,13,0,13
1500000US010890012003,Block Group 3; Census Tract 12; Madison County; Alabama,1366,524,588,225,107,110,58,51,123,120,0,13,0,13,0,13,0,13,40,52,0,13,0,13,39,50,22,30,10,20,133,81,0,13,0,13,0,13,0,13,0,13,26,41,23,35,0,13,7,12,778,325,40,63,58,50,58,66,0,13,0,13,0,13,0,13,27,45,57,69,145,85,38,50,149,221,0,13,74,48,26,43,59,77,0,13,27,31,0,13,0,13,20,37,0,13,0,13
1500000US010890013011,Block Group 1; Census Tract 13.01; Madison County; Alabama,1339,528,793,461,16,26,0,13,0,13,0,13,0,13,0,13,70,79,62,43,235,194,60,48,195,281,54,69,0,13,0,13,12,19,0,13,28,43,32,37,16,25,0,13,13,20,0,13,0,13,546,272,0,13,20,32,32,50,0,13,75,112,63,93,56,88,52,49,58,52,27,30,16,24,6,9,31,49,0,13,71,62,0,13,0,13,0,13,28,44,0,13,11,16,0,13,0,13
1500000US010890013012,Block Group 2; Census Tract 13.01; Madison County; Alabama,1511,448,639,254,97,116,32,46,21,31,13,21,0,13,3,9,28,46,0,13,50,60,126,132,130,126,16,27,0,13,43,50,0,13,0,13,7,15,32,37,15,24,11,18,8,13,7,14,0,13,872,275,96,90,0,13,0,13,29,46,77,121,34,55,0,13,91,95,51,61,174,128,26,29,3,9,120,81,10,16,0,13,0,13,61,47,7,15,0,13,43,49,26,36,14,29,10,21
1500000US010890013013,Block Group 3; Census Tract 13.01; Madison County; Alabama,809,422,501,252,0,13,60,64,54,58,60,65,0,13,0,13,0,13,0,13,127,137,58,94,0,13,12,18,25,39,47,72,0,13,22,37,9,15,0,13,27,43,0,13,0,13,0,13,0,13,308,198,0,13,0,13,47,63,0,13,0,13,0,13,0,13,0,13,12,21,89,115,55,58,0,13,0,13,0,13,105,126,0,13,0,13,0,13,0,13,0,13,0,13,0,13,0,13
1500000US010890013021,Block Group 1; Census Tract 13.02; Madison County; Alabama,2409,420,996,210,75,97,95,102,29,31,67,42,83,81,24,26,1,2,67,60,69,46,89,59,49,50,44,44,53,52,35,37,94,50,15,16,18,20,15,16,6,9,14,12,19,23,14,17,21,21,1413,341,16,19,150,132,54,97,48,49,28,33,17,26,104,121,233,128,170,76,91,80,47,58,16,20,54,37,88,61,86,58,37,23,33,25,6,9,21,29,55,29,4,8,0,13,55,54
1500000US010890014011,Block Group 1; Census Tract 14.01; Madison County; Alabama,2681,416,1327,278,168,162,23,21,79,59,24,38,10,12,24,25,20,20,77,38,190,103,37,21,89,45,175,112,74,48,43,30,102,52,63,32,36,30,6,10,0,13,28,24,4,6,34,27,21,29,1354,248,126,111,70,49,36,22,30,28,0,13,17,26,13,20,78,86,281,123,34,32,87,41,131,57,69,38,59,33,125,47,14,15,42,24,16,17,38,27,20,16,27,26,20,25,21,28
1500000US010890014031,Block Group 1; Census Tract 14.03; Madison County; Alabama,2060,525,1075,316,66,97,21,39,26,59,0,13,50,72,80,83,23,39,112,86,330,178,154,157,0,13,19,27,80,66,53,81,0,13,0,13,0,13,0,13,46,32,15,19,0,13,0,13,0,13,985,331,106,57,100,128,8,15,0,13,64,86,79,92,61,93,157,134,170,177,6,11,13,30,69,70,29,40,58,70,28,40,0,13,20,25,0,13,9,16,8,13,0,13,0,13,0,13
1500000US010890014032,Block Group 2; Census Tract 14.03; Madison County; Alabama,840,230,400,153,0,13,0,13,0,13,0,13,0,13,0,13,0,13,39,46,115,108,70,56,15,24,0,13,30,37,21,27,0,13,27,35,9,19,0,13,0,13,27,38,32,36,15,22,0,13,440,141,19,26,0,13,15,28,0,13,0,13,0,13,0,13,39,49,75,90,85,59,29,47,0,13,12,23,8,19,23,36,16,28,18,24,0,13,23,38,46,39,0,13,0,13,32,36
1500000US010890014041,Block Group 1; Census Tract 14.04; Madison County; Alabama,990,473,488,248,0,13,20,39,15,27,19,30,10,25,0,13,15,24,15,20,82,99,43,55,42,52,12,19,163,118,6,17,3,7,16,25,0,13,0,13,0,13,7,12,0,13,20,23,0,13,502,316,0,13,0,13,2,6,0,13,30,50,114,153,0,13,49,76,46,52,0,13,166,160,0,13,38,30,0,13,8,19,0,13,0,13,17,20,0,13,23,36,9,14,0,13,0,13
1500000US010890014042,Block Group 2; Census Tract 14.04; Madison County; Alabama,1037,345,583,245,0,13,0,13,0,13,0,13,0,13,65,102,0,13,105,119,51,74,109,87,26,45,74,113,0,13,0,13,44,52,32,52,38,45,0,13,0,13,29,44,0,13,10,16,0,13,454,246,0,13,0,13,0,13,0,13,0,13,149,149,0,13,76,92,18,28,0,13,106,129,17,26,0,13,0,13,49,55,0,13,0,13,0,13,0,13,0,13,29,34,10,15,0,13
1500000US010890014043,Block Group 3; Census Tract 14.04; Madison County; Alabama,1354,415,603,202,7,11,3,7,2,7,0,13,25,41,0,13,0,13,0,13,65,77,77,73,17,28,112,107,10,17,64,89,69,67,0,13,77,77,15,18,0,13,24,26,9,14,8,13,19,23,751,266,80,94,2,6,44,75,0,13,0,13,0,13,0,13,0,13,169,138,51,43,95,88,47,69,5,8,100,102,20,34,15,24,9,12,0,13,27,26,57,47,9,15,9,14,12,20
1500000US010890015001,Block Group 1; Census Tract 15; Madison County; Alabama,1769,567,1004,328,0,13,13,22,73,70,35,36,0,13,0,13,0,13,224,252,211,110,85,101,76,88,12,20,37,41,36,36,114,142,0,13,0,13,27,42,15,24,13,21,14,22,19,21,0,13,765,311,46,51,0,13,13,21,0,13,0,13,0,13,20,36,43,52,205,264,27,31,71,49,11,18,49,34,41,41,62,81,28,30,77,71,0,13,29,49,8,13,0,13,14,17,21,23
1500000US010890015002,Block Group 2; Census Tract 15; Madison County; Alabama,1279,515,685,283,0,13,0,13,1,12,0,13,208,158,74,66,71,67,127,106,89,69,0,13,0,13,1,12,0,13,46,38,25,27,0,13,0,13,12,20,0,13,10,17,10,17,11,18,0,13,594,276,30,36,2,27,2,27,0,13,246,172,77,69,61,50,97,69,15,24,0,13,0,13,1,12,1,3,0,13,0,13,0,13,0,13,0,13,8,13,10,17,23,21,0,13,21,23
1500000US010890015003,Block Group 3; Census Tract 15; Madison County; Alabama,2312,646,1223,365,0,13,56,86,0,13,33,53,278,210,169,97,284,255,144,106,12,19,81,93,90,89,0,13,0,13,9,17,37,37,0,13,11,17,19,23,0,13,0,13,0,13,0,13,0,13,1089,364,11,19,40,50,55,65,3,6,385,220,182,112,149,108,95,83,12,21,0,13,109,118,10,18,23,28,0,13,8,14,0,13,7,15,0,13,0,13,0,13,0,13,0,13,0,13
1500000US010890015004,Block Group 4; Census Tract 15; Madison County; Alabama,812,400,478,287,15,25,0,13,0,13,0,13,0,13,28,42,28,42,41,51,41,60,75,76,46,72,0,13,11,17,22,24,96,102,0,13,17,18,0,13,40,41,0,13,18,19,0,13,0,13,334,155,0,13,20,27,34,36,28,43,0,13,0,13,0,13,0,13,50,81,25,41,28,30,20,25,35,45,0,13,4,6,26,47,10,16,0,13,30,39,24,27,0,13,0,13,0,13
1500000US010890017001,Block Group 1; Census Tract 17; Madison County; Alabama,804,202,420,130,29,29,33,32,66,83,0,13,0,13,0,13,0,13,5,8,27,42,37,35,26,26,42,35,14,15,25,25,20,19,19,17,6,9,6,10,17,15,11,12,21,26,10,11,6,9,384,91,16,17,23,36,0,13,9,14,0,13,8,13,0,13,17,18,32,30,23,20,31,37,21,19,21,20,20,20,15,16,0,13,19,16,6,8,7,10,68,38,11,12,26,27,11,12
1500000US010890017002,Block Group 2; Census Tract 17; Madison County; Alabama,1133,223,589,129,49,38,23,21,21,26,30,30,14,19,0,13,8,10,8,9,25,31,35,23,8,12,59,33,64,49,36,26,35,19,13,13,0,13,65,69,33,37,37,28,9,13,6,9,11,12,544,130,45,37,27,17,53,35,38,25,0,13,0,13,10,14,0,13,9,13,36,23,45,35,12,14,61,50,34,28,34,22,8,12,28,27,26,20,18,15,0,13,10,12,26,22,24,18
1500000US010890018011,Block Group 1; Census Tract 18.01; Madison County; Alabama,1765,314,841,173,95,53,72,62,51,38,10,18,7,12,0,13,19,27,32,43,38,32,104,59,71,51,26,25,52,32,48,40,43,36,37,49,21,22,25,26,16,19,28,22,10,18,5,10,31,28,924,221,104,52,83,67,24,29,38,37,0,13,0,13,63,99,0,13,36,35,78,54,134,60,34,26,86,65,61,36,29,26,18,21,27,23,16,19,34,29,18,19,7,11,13,16,21,20
1500000US010890018012,Block Group 2; Census Tract 18.01; Madison County; Alabama,893,326,357,123,15,24,43,64,22,25,10,16,13,17,10,16,0,13,0,13,0,13,78,45,0,13,0,13,54,44,26,31,18,21,9,14,0,13,0,13,24,21,12,13,6,9,11,13,6,10,536,221,45,57,19,30,25,22,60,57,0,13,0,13,22,26,10,14,26,29,54,39,61,93,26,31,78,59,23,21,0,13,0,13,17,21,0,13,14,16,26,33,12,13,12,14,6,9
1500000US010890018013,Block Group 3; Census Tract 18.01; Madison County; Alabama,992,297,376,126,9,15,10,16,22,35,0,13,0,13,0,13,0,13,0,13,10,16,0,13,0,13,59,64,37,36,29,45,17,19,6,9,11,19,68,76,36,39,10,15,21,20,12,13,19,17,616,220,0,13,18,22,56,67,82,74,22,28,0,13,0,13,11,18,0,13,13,20,8,14,10,16,39,39,8,13,70,48,49,42,69,82,8,13,0,13,38,38,57,51,13,15,45,41
1500000US010890019011,Block Group 1; Census Tract 19.01; Madison County; Alabama,1006,279,397,133,30,26,0,13,0,13,12,20,0,13,10,16,0,13,0,13,8,13,35,39,0,13,13,23,1,3,75,74,88,76,7,12,0,13,2,8,42,42,0,13,32,30,6,11,36,29,609,188,41,43,12,20,31,37,48,57,0,13,0,13,0,13,0,13,35,40,52,48,12,21,0,13,121,100,78,72,14,16,24,37,0,13,0,13,0,13,49,39,7,11,46,39,39,55
1500000US010890019012,Block Group 2; Census Tract 19.01; Madison County; Alabama,1402,339,692,163,49,48,132,79,38,35,32,36,0,13,0,13,0,13,16,26,9,15,0,13,52,44,73,52,0,13,22,19,83,58,29,33,38,30,0,13,0,13,47,32,42,35,17,18,13,21,710,212,5,8,23,29,44,37,25,31,26,39,0,13,0,13,0,13,31,37,16,18,71,50,96,49,10,17,61,46,58,42,8,12,26,32,7,11,115,158,36,27,25,23,27,25,0,13
1500000US010890019013,Block Group 3; Census Tract 19.01; Madison County; Alabama,1091,249,555,132,13,22,11,16,13,20,34,44,0,13,18,25,0,13,0,13,45,41,41,45,14,23,9,14,20,23,68,49,49,38,26,30,39,47,10,16,32,28,49,32,27,26,20,23,17,15,536,134,26,30,0,13,19,29,37,50,25,25,0,13,0,13,37,41,18,26,2,10,21,25,37,34,39,36,48,48,26,29,38,44,50,37,10,16,10,14,54,37,15,19,10,16,14,22
1500000US010890019021,Block Group 1; Census Tract 19.02; Madison County; Alabama,2202,268,910,174,0,13,61,46,57,35,16,18,0,13,0,13,7,13,29,24,81,38,0,13,38,37,61,43,45,38,14,15,97,53,132,75,33,26,29,26,25,32,75,44,29,25,22,21,59,35,1292,228,18,24,62,45,102,52,64,64,0,13,0,13,0,13,29,28,116,43,24,25,38,31,45,41,24,25,35,25,136,53,65,57,23,19,30,26,44,40,135,121,71,49,70,58,161,67
1500000US010890019031,Block Group 1; Census Tract 19.03; Madison County; Alabama,2238,205,1158,115,63,55,58,30,113,45,69,46,8,9,6,10,0,13,10,11,35,41,49,26,36,35,73,28,69,45,81,42,49,31,55,30,59,29,37,22,66,34,69,35,50,23,54,52,49,29,1080,131,47,34,93,57,69,29,60,37,18,13,13,14,13,14,19,19,41,32,61,28,40,26,63,30,65,47,37,23,103,46,43,26,60,27,9,10,23,17,44,26,34,19,71,55,54,28
1500000US010890020001,Block Group 1; Census Tract 20; Madison County; Alabama,675,199,392,173,58,56,19,21,12,17,0,13,0,13,10,16,0,13,22,27,22,25,145,144,25,34,16,18,12,18,19,24,25,26,0,13,0,13,0,13,0,13,7,12,0,13,0,13,0,13,283,88,18,23,33,47,5,8,0,13,0,13,0,13,0,13,32,31,32,35,22,29,11,15,1,2,0,13,53,39,12,19,0,13,0,13,0,13,10,15,45,44,9,15,0,13,0,13
1500000US010890020002,Block Group 2; Census Tract 20; Madison County; Alabama,1526,513,658,196,49,44,29,33,20,22,20,23,0,13,0,13,0,13,8,13,60,47,152,139,80,45,22,23,24,36,45,36,40,33,25,30,24,25,13,17,20,27,0,13,19,21,0,13,8,13,868,342,131,167,31,28,0,13,38,60,12,21,0,13,42,60,37,41,97,62,199,142,51,34,0,13,23,23,42,32,27,24,25,29,36,33,11,21,5,8,9,14,13,16,18,19,21,28
1500000US010890021001,Block Group 1; Census Tract 21; Madison County; Alabama,455,207,187,136,0,13,25,39,9,14,0,13,0,13,0,13,0,13,0,13,0,13,11,29,20,24,0,13,69,78,26,39,0,13,12,19,0,13,0,13,0,13,15,24,0,13,0,13,0,13,268,145,0,13,8,13,53,58,0,13,0,13,0,13,0,13,0,13,0,13,0,13,21,24,0,13,37,52,0,13,0,13,30,39,14,24,62,99,0,13,32,35,11,18,0,13,0,13
1500000US010890021002,Block Group 2; Census Tract 21; Madison County; Alabama,1001,409,509,309,13,20,18,28,0,13,32,51,0,13,0,13,0,13,33,43,9,14,81,120,70,78,83,73,29,35,35,38,1,3,39,44,56,75,0,13,0,13,0,13,0,13,10,16,0,13,492,239,38,55,0,13,26,42,35,56,0,13,0,13,0,13,66,86,0,13,28,41,0,13,34,40,80,71,20,25,19,21,31,33,21,30,0,13,57,61,14,23,1,2,14,21,8,13
1500000US010890021003,Block Group 3; Census Tract 21; Madison County; Alabama,989,472,543,265,248,247,22,35,0,13,15,27,0,13,0,13,0,13,25,22,32,49,0,13,12,20,0,13,0,13,0,13,12,25,0,13,56,70,13,21,39,35,34,45,25,28,10,15,0,13,446,231,17,26,0,13,0,13,15,25,0,13,0,13,0,13,62,58,10,11,13,20,5,9,0,13,12,26,70,44,170,223,10,17,13,22,4,8,5,10,22,34,9,13,9,15,0,13
1500000US010890022001,Block Group 1; Census Tract 22; Madison County; Alabama,1463,297,678,170,39,49,81,75,26,25,19,26,34,54,39,41,21,31,17,25,131,65,24,24,29,30,16,21,8,14,33,40,0,13,32,40,48,50,2,6,7,13,13,25,12,14,0,13,47,43,785,209,21,28,60,52,17,29,4,9,93,79,0,13,37,53,27,45,112,111,73,63,14,22,71,52,26,33,6,12,23,32,18,23,17,20,2,6,6,12,23,22,35,38,45,27,55,37
1500000US010890022002,Block Group 2; Census Tract 22; Madison County; Alabama,472,119,190,85,4,8,0,13,6,10,0,13,21,33,0,13,1,3,15,24,17,19,0,13,17,28,0,13,11,14,5,8,0,13,0,13,1,2,50,66,9,13,33,48,0,13,0,13,0,13,282,89,11,16,15,22,0,13,0,13,0,13,22,33,0,13,13,21,26,26,20,22,18,20,11,17,15,25,23,26,64,52,0,13,11,18,1,5,0,13,7,11,11,14,14,20,0,13
1500000US010890023001,Block Group 1; Census Tract 23; Madison County; Alabama,871,497,405,232,0,13,37,68,18,35,78,117,4,9,0,13,0,13,66,69,0,13,0,13,36,48,25,40,16,27,76,105,0,13,0,13,34,57,0,13,15,25,0,13,0,13,0,13,0,13,466,332,19,37,66,100,0,13,73,110,0,13,0,13,0,13,34,57,39,47,15,29,0,13,64,99,5,13,104,137,15,23,0,13,14,23,0,13,0,13,18,29,0,13,0,13,0,13
1500000US010890023002,Block Group 2; Census Tract 23; Madison County; Alabama,1531,479,613,320,84,109,0,13,116,143,0,13,0,13,0,13,0,13,35,53,18,29,42,53,16,24,133,196,108,128,0,13,8,15,3,15,0,13,0,13,0,13,18,30,18,31,0,13,14,23,918,308,43,54,222,120,75,75,0,13,149,107,0,13,0,13,16,26,0,13,239,149,20,46,36,43,0,13,13,20,61,69,0,13,2,14,0,13,0,13,16,27,12,19,14,22,0,13
1500000US010890023003,Block Group 3; Census Tract 23; Madison County; Alabama,1167,807,721,551,0,13,0,13,0,13,0,13,13,29,0,13,0,13,16,26,0,13,18,29,66,100,26,43,0,13,36,53,15,43,17,29,383,528,18,28,0,13,58,62,18,30,8,13,29,45,446,270,0,13,0,13,0,13,0,13,0,13,0,13,16,27,0,13,0,13,0,13,18,40,0,13,61,63,12,19,0,13,0,13,17,27,0,13,10,17,104,85,0,13,193,246,15,42
1500000US010890023004,Block Group 4; Census Tract 23; Madison County; Alabama,1465,503,661,359,95,130,0,13,0,13,16,27,0,13,0,13,0,13,83,79,0,13,100,135,43,68,0,13,27,34,16,25,127,126,0,13,0,13,140,162,14,23,0,13,0,13,0,13,0,13,804,294,0,13,0,13,75,119,0,13,11,18,47,77,37,64,154,152,31,54,0,13,32,38,57,70,0,13,95,105,98,84,0,13,13,20,0,13,0,13,55,72,16,26,9,15,74,67
1500000US010890024001,Block Group 1; Census Tract 24; Madison County; Alabama,663,507,327,211,4,39,5,59,0,13,0,13,0,13,0,13,1,2,0,13,42,73,47,65,0,13,63,78,65,103,1,4,0,13,0,13,77,107,0,13,22,36,0,13,0,13,0,13,0,13,336,429,150,244,0,13,41,66,2,4,0,13,0,13,95,169,4,39,0,13,0,13,0,13,41,66,0,13,1,2,0,13,0,13,2,5,0,13,0,13,0,13,0,13,0,13,0,13
1500000US010890024002,Block Group 2; Census Tract 24; Madison County; Alabama,1176,546,566,256,102,96,73,75,50,63,28,43,0,13,0,13,4,10,0,13,53,64,0,13,0,13,78,118,84,100,0,13,15,24,14,29,29,45,0,13,17,29,0,13,19,30,0,13,0,13,610,359,0,13,0,13,81,82,56,72,32,52,3,6,0,13,0,13,48,68,110,102,50,63,67,107,27,41,0,13,32,56,0,13,43,58,0,13,47,45,0,13,14,21,0,13,0,13
1500000US010890024003,Block Group 3; Census Tract 24; Madison County; Alabama,1025,503,515,350,0,13,49,85,0,13,0,13,24,41,0,13,0,13,0,13,91,139,0,13,56,89,145,206,0,13,83,133,0,13,0,13,0,13,2,4,0,13,59,59,0,13,0,13,6,13,510,277,0,13,0,13,0,13,71,106,0,13,0,13,0,13,0,13,0,13,0,13,39,55,82,84,109,130,43,76,0,13,0,13,1,2,90,131,22,35,0,13,8,14,23,37,22,35
1500000US010890024004,Block Group 4; Census Tract 24; Madison County; Alabama,1124,650,595,446,0,13,169,245,0,13,0,13,0,13,0,13,0,13,0,13,138,157,57,78,21,48,0,13,0,13,39,60,75,108,65,99,0,13,0,13,0,13,0,13,0,13,23,35,8,21,529,247,0,13,0,13,0,13,0,13,0,13,0,13,0,13,23,39,143,112,91,135,36,56,0,13,90,106,12,41,0,13,58,60,0,13,0,13,24,38,23,36,0,13,8,21,21,35
1500000US010890025011,Block Group 1; Census Tract 25.01; Madison County; Alabama,892,286,376,176,28,37,0,13,0,13,0,13,0,13,21,29,0,13,17,27,136,110,0,13,48,88,14,25,0,13,40,59,18,30,0,13,38,63,16,30,0,13,0,13,0,13,0,13,0,13,516,200,20,35,0,13,0,13,0,13,0,13,0,13,30,38,82,80,159,153,0,13,54,47,0,13,38,38,0,13,8,21,51,58,0,13,14,22,60,48,0,13,0,13,0,13,0,13
1500000US010890025012,Block Group 2; Census Tract 25.01; Madison County; Alabama,1009,508,519,277,0,13,78,94,95,82,63,60,0,13,0,13,0,13,42,51,117,96,27,35,0,13,6,9,0,13,55,46,15,24,0,13,0,13,5,10,0,13,16,25,0,13,0,13,0,13,490,293,120,129,126,96,0,13,0,13,0,13,19,29,35,60,37,61,70,67,0,13,14,23,17,26,34,39,17,27,0,13,0,13,0,13,0,13,1,2,0,13,0,13,0,13,0,13
1500000US010890025013,Block Group 3; Census Tract 25.01; Madison County; Alabama,1295,538,622,322,0,13,59,68,33,54,25,42,67,106,48,77,0,13,15,22,0,13,23,32,0,13,21,34,115,117,199,197,0,13,0,13,0,13,17,27,0,13,0,13,0,13,0,13,0,13,673,372,164,186,114,100,49,78,20,35,0,13,0,13,0,13,39,59,19,28,23,36,62,72,69,69,77,113,37,60,0,13,0,13,0,13,0,13,0,13,0,13,0,13,0,13,0,13
1500000US010890025021,Block Group 1; Census Tract 25.02; Madison County; Alabama,713,319,288,141,19,42,84,73,0,13,0,13,0,13,0,13,8,19,32,37,15,42,5,29,0,13,14,31,0,13,34,48,0,13,0,13,59,59,0,13,0,13,0,13,18,29,0,13,0,13,425,212,6,31,0,13,130,134,39,51,0,13,0,13,10,22,0,13,23,45,67,74,0,13,0,13,0,13,28,50,63,53,0,13,18,31,0,13,0,13,18,25,0,13,0,13,23,28
1500000US010890025022,Block Group 2; Census Tract 25.02; Madison County; Alabama,1557,764,796,429,0,13,101,138,0,13,0,13,21,36,0,13,0,13,83,76,74,78,27,31,0,13,303,381,47,79,109,101,0,13,2,5,13,21,0,13,8,15,8,15,0,13,0,13,0,13,761,428,75,82,85,100,0,13,84,132,0,13,23,38,36,58,47,57,76,75,91,100,12,20,0,13,42,58,24,36,0,13,0,13,115,131,0,13,0,13,34,57,0,13,17,27,0,13
1500000US010890025023,Block Group 3; Census Tract 25.02; Madison County; Alabama,1242,406,576,180,13,20,84,125,0,13,18,33,22,35,16,35,8,17,20,31,17,29,46,77,55,71,70,53,13,23,53,68,29,34,27,44,55,44,0,13,7,20,18,31,0,13,5,13,0,13,666,281,89,130,0,13,0,13,0,13,0,13,10,21,34,50,0,13,136,146,128,154,22,55,141,112,7,13,0,13,11,18,26,36,0,13,21,24,0,13,0,13,22,42,0,13,19,26
1500000US010890026001,Block Group 1; Census Tract 26; Madison County; Alabama,1191,316,696,278,0,13,0,13,0,13,0,13,0,13,71,81,33,52,58,72,215,224,11,18,0,13,18,37,17,26,64,82,20,29,9,14,18,22,0,13,16,27,50,57,13,21,30,39,53,35,495,182,0,13,15,27,0,13,46,72,0,13,0,13,0,13,39,67,13,22,13,21,0,13,0,13,0,13,13,22,30,52,96,81,9,16,13,15,20,23,62,43,32,30,20,26,74,58
1500000US010890026002,Block Group 2; Census Tract 26; Madison County; Alabama,869,245,460,167,37,49,0,13,33,41,0,13,0,13,0,13,0,13,0,13,79,109,23,26,0,13,23,29,51,44,9,17,28,32,13,22,0,13,61,57,0,13,19,30,24,26,43,37,17,28,409,115,28,28,10,16,19,33,25,32,0,13,0,13,0,13,0,13,0,13,37,49,10,17,8,13,26,33,18,28,16,28,41,57,33,37,8,15,0,13,31,35,22,25,45,39,32,32
1500000US010890026003,Block Group 3; Census Tract 26; Madison County; Alabama,1926,386,831,203,40,37,128,97,29,33,0,13,13,23,0,13,0,13,12,19,85,63,130,102,146,104,22,31,21,23,27,22,14,24,10,18,89,69,0,13,38,39,0,13,17,24,10,15,0,13,1095,309,20,24,71,42,6,11,0,13,0,13,0,13,0,13,10,16,100,65,332,277,23,28,62,35,34,39,39,34,34,40,10,18,57,59,74,71,18,29,68,53,23,29,0,13,114,110
1500000US010890027011,Block Group 1; Census Tract 27.01; Madison County; Alabama,1199,257,599,146,34,37,0,13,36,34,22,24,0,13,8,12,0,13,11,19,38,33,68,52,10,16,26,42,0,13,9,16,84,58,43,28,60,56,15,18,9,14,42,29,10,15,38,34,36,31,600,146,48,55,0,13,0,13,47,46,1,5,0,13,0,13,0,13,49,42,52,46,0,13,17,22,17,18,0,13,41,43,49,30,20,17,26,24,49,50,36,25,52,30,82,51,14,18
1500000US010890027012,Block Group 2; Census Tract 27.01; Madison County; Alabama,1655,470,899,377,66,71,28,39,27,36,16,27,33,35,24,31,0,13,8,12,25,41,152,84,217,305,38,40,40,35,33,32,10,16,10,16,39,41,27,42,10,14,20,30,21,24,9,13,46,46,756,221,56,56,0,13,25,35,0,13,32,35,0,13,9,14,96,94,48,36,37,36,70,77,38,45,0,13,73,48,109,85,0,13,0,13,0,13,21,23,6,10,0,13,116,110,20,21
1500000US010890027211,Block Group 1; Census Tract 27.21; Madison County; Alabama,1925,467,998,383,114,153,104,89,75,81,18,20,0,13,15,27,8,14,0,13,57,43,40,52,46,31,24,34,45,28,20,23,59,41,13,20,29,30,21,24,41,31,50,38,44,41,124,68,51,62,927,147,36,32,53,33,16,17,40,34,0,13,0,13,0,13,9,15,14,20,82,67,27,26,29,21,6,11,37,31,50,38,85,48,83,44,24,22,29,26,55,30,77,39,79,49,96,67
1500000US010890027212,Block Group 2; Census Tract 27.21; Madison County; Alabama,2340,418,1068,169,41,34,48,49,38,26,18,23,10,12,0,13,65,78,19,28,127,87,98,65,84,48,12,16,18,20,25,22,117,52,83,56,10,16,44,36,18,19,33,30,16,17,77,56,67,56,1272,318,100,70,59,42,30,24,8,13,9,13,0,13,0,13,53,40,144,93,95,56,51,40,16,20,30,27,59,35,165,208,13,21,156,77,20,23,19,21,26,31,68,69,124,90,27,24
1500000US010890027221,Block Group 1; Census Tract 27.22; Madison County; Alabama,1166,318,587,146,40,47,47,51,31,32,42,42,0,13,0,13,0,13,8,12,8,12,7,12,113,84,11,21,21,21,30,27,25,22,13,21,51,37,6,10,21,23,42,32,29,24,13,19,29,25,579,183,32,44,39,50,18,14,16,18,0,13,0,13,0,13,7,12,45,52,0,13,77,82,27,34,39,29,45,33,7,16,21,21,42,37,11,18,20,22,64,50,24,24,25,23,20,22
1500000US010890027222,Block Group 2; Census Tract 27.22; Madison County; Alabama,1775,290,816,206,70,46,51,37,0,13,9,14,30,30,0,13,0,13,32,26,77,58,32,29,42,49,0,13,16,17,48,27,81,57,27,24,17,21,47,40,39,30,58,39,11,17,129,165,0,13,959,173,30,26,56,46,32,41,10,14,30,39,0,13,0,13,119,96,127,94,16,20,22,21,22,26,73,58,54,36,48,44,20,21,70,38,40,30,31,21,51,31,69,48,31,32,8,18
1500000US010890028011,Block Group 1; Census Tract 28.01; Madison County; Alabama,1422,428,739,262,23,32,97,97,33,43,22,36,23,41,0,13,0,13,11,19,0,13,150,134,66,49,22,38,47,52,14,24,26,40,26,27,14,23,0,13,60,46,56,48,39,44,0,13,10,18,683,211,42,39,28,37,22,36,0,13,39,63,0,13,0,13,0,13,15,24,111,125,79,65,39,45,20,24,0,13,30,46,24,26,30,35,25,42,0,13,96,61,38,54,12,20,33,44
1500000US010890028012,Block Group 2; Census Tract 28.01; Madison County; Alabama,1799,473,950,281,9,13,68,87,19,30,22,34,56,65,9,15,0,13,85,86,93,132,37,37,98,99,116,131,20,31,16,31,147,111,19,30,0,13,11,17,22,26,12,21,47,49,10,17,34,33,849,295,6,11,62,101,41,42,113,148,15,24,0,13,0,13,0,13,80,89,21,25,18,22,19,28,0,13,33,34,146,142,0,13,72,92,10,18,37,34,89,72,52,46,10,17,25,37
1500000US010890028013,Block Group 3; Census Tract 28.01; Madison County; Alabama,1374,420,709,368,0,13,0,13,0,13,19,30,120,81,0,13,0,13,231,315,117,141,44,41,16,26,0,13,0,13,14,22,0,13,38,54,16,25,0,13,2,4,14,19,0,13,0,13,78,86,665,193,23,42,0,13,18,30,0,13,0,13,14,27,0,13,83,133,0,13,59,43,30,40,18,28,59,36,0,13,61,61,9,14,17,28,12,19,1,4,38,56,32,35,119,103,72,47
1500000US010890028031,Block Group 1; Census Tract 28.03; Madison County; Alabama,1959,522,958,336,51,64,25,31,40,38,116,88,94,96,37,60,0,13,46,62,0,13,44,42,17,29,98,103,100,92,35,40,69,56,0,13,38,33,60,54,55,43,19,29,0,13,14,24,0,13,1001,247,118,109,46,42,33,35,22,26,41,50,0,13,0,13,70,67,17,21,45,57,82,73,114,76,38,45,36,44,94,73,24,34,95,63,35,26,0,13,60,69,0,13,31,34,0,13
1500000US010890028032,Block Group 2; Census Tract 28.03; Madison County; Alabama,3017,597,1599,353,200,146,120,105,190,126,50,53,16,27,0,13,20,32,25,39,71,71,135,110,201,85,151,90,147,82,45,45,68,51,39,34,15,23,34,38,18,26,16,26,38,38,0,13,0,13,1418,328,138,112,9,15,177,122,23,38,0,13,0,13,0,13,22,39,119,92,62,64,238,125,46,48,108,77,62,49,114,76,64,55,0,13,46,54,49,47,73,44,18,31,0,13,50,45
1500000US010890028041,Block Group 1; Census Tract 28.04; Madison County; Alabama,606,222,271,104,0,13,0,13,0,13,0,13,0,13,0,13,21,25,0,13,43,52,0,13,0,13,0,13,0,13,0,13,59,46,14,25,57,66,0,13,0,13,44,33,6,12,17,28,10,16,335,157,0,13,0,13,0,13,0,13,0,13,0,13,57,65,19,32,47,63,0,13,0,13,0,13,0,13,114,79,16,27,21,30,14,24,0,13,12,20,19,21,6,12,0,13,10,16
1500000US010890028042,Block Group 2; Census Tract 28.04; Madison County; Alabama,2343,557,1000,251,20,37,25,38,35,45,57,74,17,29,0,13,0,13,31,29,80,57,38,42,62,56,55,50,165,121,104,97,30,33,38,34,39,37,38,28,35,26,36,29,63,50,11,20,21,24,1343,365,0,13,49,44,187,95,127,113,0,13,0,13,72,98,49,43,25,41,45,30,18,33,94,43,185,130,0,13,121,100,45,34,43,38,51,43,52,35,93,55,14,23,14,18,59,79
1500000US010890029111,Block Group 1; Census Tract 29.11; Madison County; Alabama,2123,379,959,173,100,63,41,49,43,54,20,29,8,12,0,13,9,13,0,13,60,63,83,57,65,57,94,56,72,44,31,35,108,56,29,26,53,30,0,13,18,20,23,25,41,35,61,42,0,13,1164,258,104,94,74,57,9,14,31,28,26,32,0,13,0,13,51,55,66,63,49,37,120,69,52,37,86,55,60,67,64,34,74,53,7,11,31,29,96,98,18,20,69,38,39,31,38,29
1500000US010890029112,Block Group 2; Census Tract 29.11; Madison County; Alabama,1195,382,623,260,43,41,99,81,41,57,6,11,9,15,0,13,0,13,16,22,48,54,72,59,137,147,28,30,31,28,4,6,21,23,0,13,18,20,0,13,0,13,40,34,10,16,0,13,0,13,572,168,54,53,13,18,36,51,13,20,0,13,0,13,0,13,0,13,68,67,59,41,65,57,5,10,14,21,0,13,46,31,18,24,23,26,8,13,18,21,38,34,17,19,58,51,19,24
1500000US010890029113,Block Group 3; Census Tract 29.11; Madison County; Alabama,1221,436,551,199,53,63,2,6,35,41,26,33,22,27,40,59,8,12,11,18,23,26,21,24,34,42,0,13,40,23,39,44,23,30,28,35,43,30,42,33,24,26,11,17,13,19,13,20,0,13,670,285,48,64,43,60,19,25,19,30,14,21,0,13,0,13,0,13,111,134,33,39,12,19,30,33,33,32,51,41,68,46,9,15,69,74,7,11,14,21,45,35,13,21,6,10,26,24
1500000US010890029121,Block Group 1; Census Tract 29.12; Madison County; Alabama,1296,290,603,146,27,23,30,25,15,22,16,23,16,19,0,13,0,13,55,78,27,31,70,34,39,31,34,22,22,23,31,24,37,28,15,16,33,19,11,16,0,13,9,11,57,30,35,22,24,22,693,176,19,18,17,17,35,27,61,50,10,16,0,13,0,13,62,90,31,23,38,25,23,17,28,22,6,8,44,29,49,54,36,24,31,21,7,10,27,21,33,22,53,27,56,33,27,17
1500000US010890029122,Block Group 2; Census Tract 29.12; Madison County; Alabama,1017,238,536,136,56,53,0,13,16,17,14,17,33,29,0,13,0,13,51,71,6,9,51,51,27,20,0,13,14,22,40,22,17,13,10,11,26,20,14,21,25,20,55,47,28,22,48,29,5,8,481,128,5,8,16,15,24,25,16,24,3,5,15,23,0,13,0,13,5,8,47,42,4,9,18,16,25,26,16,15,67,43,6,11,37,29,6,9,46,47,51,30,52,28,15,16,7,8
1500000US010890029221,Block Group 1; Census Tract 29.22; Madison County; Alabama,1256,281,592,190,12,19,14,22,40,31,23,25,5,9,0,13,2,7,2,8,43,49,43,42,94,130,15,17,41,48,58,39,37,35,35,33,0,13,12,20,63,79,23,24,24,22,0,13,6,10,664,140,16,19,14,22,42,40,0,13,0,13,0,13,28,42,12,19,84,82,10,14,47,40,31,33,67,63,29,27,88,47,51,35,10,17,0,13,52,49,8,12,35,28,17,20,23,28
1500000US010890029222,Block Group 2; Census Tract 29.22; Madison County; Alabama,1989,297,995,163,7,13,48,34,40,34,40,28,12,18,14,22,0,13,67,55,3,8,100,66,73,40,70,55,60,45,65,54,27,28,30,28,44,24,32,28,132,65,59,42,32,25,15,17,25,36,994,219,81,68,60,38,62,47,45,43,0,13,0,13,50,56,14,24,41,36,72,43,36,28,21,23,54,57,38,28,20,22,41,33,83,41,64,42,123,93,17,20,18,22,43,39,11,17
1500000US010890029223,Block Group 3; Census Tract 29.22; Madison County; Alabama,884,192,516,123,8,13,37,29,91,48,16,23,7,14,0,13,17,18,17,21,0,13,21,23,57,46,20,24,61,39,26,28,40,34,9,13,20,21,0,13,13,21,35,29,0,13,4,9,17,17,368,88,30,32,10,16,33,28,13,18,6,10,0,13,0,13,0,13,14,24,26,25,8,13,59,33,34,31,14,20,15,22,19,15,6,10,12,18,11,13,18,22,23,24,17,17,0,13
1500000US010890029231,Block Group 1; Census Tract 29.23; Madison County; Alabama,1095,365,540,229,31,29,26,30,5,9,0,13,0,13,18,29,0,13,0,13,37,36,12,21,33,32,0,13,20,28,67,75,21,33,70,116,80,75,25,36,35,53,0,13,60,91,0,13,0,13,555,190,8,10,34,32,19,27,76,77,0,13,0,13,0,13,0,13,15,25,59,42,0,13,67,61,7,16,0,13,95,76,0,13,39,42,11,19,64,66,0,13,33,54,11,18,17,28
1500000US010890029232,Block Group 2; Census Tract 29.23; Madison County; Alabama,1052,369,603,227,47,45,32,37,56,49,61,63,12,26,0,13,0,13,28,37,24,30,0,13,20,31,30,33,11,21,15,22,9,19,0,13,19,25,28,39,30,31,44,60,42,43,84,115,11,18,449,161,23,36,11,19,27,49,0,13,0,13,0,13,0,13,0,13,24,26,31,41,17,26,22,27,25,45,56,47,11,18,0,13,46,45,15,20,41,54,42,59,12,18,11,18,35,32
1500000US010890029233,Block Group 3; Census Tract 29.23; Madison County; Alabama,872,277,380,149,0,13,60,51,29,34,37,42,12,17,0,13,0,13,11,19,41,53,51,74,58,45,15,24,13,19,25,40,0,13,0,13,8,15,0,13,11,18,0,13,0,13,9,15,0,13,492,191,0,13,62,44,27,28,0,13,12,19,0,13,0,13,82,88,24,33,0,13,61,50,17,30,0,13,49,47,19,29,0,13,12,19,21,35,0,13,79,85,0,13,27,34,0,13
1500000US010890029241,Block Group 1; Census Tract 29.24; Madison County; Alabama,1338,297,766,219,40,35,0,13,68,53,0,13,14,20,0,13,0,13,17,24,10,21,43,44,28,33,29,27,16,26,19,26,5,12,14,30,80,73,54,68,19,21,88,62,62,65,112,114,48,45,572,141,9,17,0,13,71,48,0,13,0,13,0,13,0,13,16,25,0,13,0,13,62,56,9,17,30,31,20,27,35,36,15,25,35,40,0,13,0,13,0,13,66,66,58,61,146,71
1500000US010890029242,Block Group 2; Census Tract 29.24; Madison County; Alabama,2324,748,951,266,41,35,9,15,35,40,42,44,36,34,17,27,13,21,41,49,38,60,120,82,56,52,58,46,32,37,55,45,226,204,46,43,12,24,23,23,0,13,8,16,15,24,18,28,10,17,1373,541,8,17,55,68,27,35,51,47,118,149,0,13,25,42,78,68,50,78,132,91,26,29,111,142,59,55,204,209,63,40,17,27,56,44,38,38,9,17,70,86,39,37,11,19,126,198
1500000US010890030001,Block Group 1; Census Tract 30; Madison County; Alabama,1066,348,503,219,89,147,111,85,0,13,4,10,2,5,3,5,0,13,0,13,0,13,51,67,0,13,56,65,49,40,0,13,26,31,13,20,48,43,22,24,23,26,0,13,0,13,0,13,6,10,563,250,121,91,17,31,77,80,5,10,2,4,0,13,0,13,0,13,128,97,23,32,48,60,0,13,0,13,18,30,31,41,0,13,54,44,0,13,0,13,0,13,4,8,29,39,6,11
1500000US010890030002,Block Group 2; Census Tract 30; Madison County; Alabama,1898,739,831,315,75,123,21,35,32,44,59,75,115,151,16,25,0,13,8,18,28,31,17,25,22,33,95,96,82,86,0,13,53,43,40,42,0,13,0,13,47,36,37,26,10,16,13,16,61,34,1067,477,104,138,91,74,70,76,19,31,49,59,0,13,75,115,85,119,16,22,25,32,119,88,56,73,41,55,80,69,41,42,15,25,64,53,0,13,37,56,25,24,22,33,14,22,19,33
1500000US010890031001,Block Group 1; Census Tract 31; Madison County; Alabama,3188,330,2405,278,38,52,34,36,21,22,57,48,26,32,17,25,97,55,195,76,294,88,407,104,309,103,245,92,151,79,190,74,107,79,17,27,39,27,39,29,11,21,58,45,53,36,0,13,0,13,783,158,0,13,39,34,6,10,0,13,0,13,0,13,0,13,23,22,83,55,71,52,100,65,87,50,65,49,84,56,27,27,16,19,27,20,14,15,18,19,88,61,13,14,9,13,13,14
1500000US010890031002,Block Group 2; Census Tract 31; Madison County; Alabama,603,178,324,133,8,13,0,13,0,13,0,13,4,8,0,13,1,3,13,20,32,39,12,16,3,5,5,8,30,32,24,27,8,13,16,20,74,70,16,25,15,22,0,13,57,92,6,11,0,13,279,96,8,13,0,13,16,23,25,29,12,18,0,13,0,13,4,6,12,16,34,25,31,45,0,13,15,23,6,10,32,26,0,13,13,15,36,32,0,13,16,17,7,10,12,19,0,13
1500000US010890031003,Block Group 3; Census Tract 31; Madison County; Alabama,1020,167,493,119,0,13,7,11,6,11,6,10,0,13,0,13,0,13,67,41,108,84,44,69,25,25,39,28,21,33,7,12,39,47,27,21,9,13,28,41,0,13,26,24,7,26,14,15,13,15,527,96,6,9,11,13,0,13,0,13,0,13,0,13,0,13,31,34,53,42,5,8,0,13,17,19,31,37,6,10,64,56,15,25,8,12,13,19,32,23,62,44,40,42,58,36,75,67
1500000US010890101011,Block Group 1; Census Tract 101.01; Madison County; Alabama,2297,504,1262,312,57,49,183,91,83,99,48,59,0,13,26,38,0,13,80,63,32,43,45,35,203,117,79,61,164,127,52,50,80,68,34,43,35,39,0,13,39,44,22,33,0,13,0,13,0,13,1035,226,32,43,0,13,111,84,53,60,42,40,0,13,0,13,35,44,44,39,73,77,47,47,45,45,102,111,77,70,139,88,45,72,46,71,45,44,10,17,24,36,0,13,65,64,0,13
1500000US010890101012,Block Group 2; Census Tract 101.01; Madison County; Alabama,1310,468,749,330,50,64,59,84,0,13,0,13,13,21,0,13,0,13,37,61,17,27,36,58,100,87,47,73,0,13,15,25,240,263,45,71,49,56,0,13,0,13,20,34,21,35,0,13,0,13,561,214,11,20,49,62,52,73,0,13,0,13,0,13,0,13,0,13,41,68,25,28,37,50,12,20,88,95,55,62,67,55,0,13,37,45,0,13,0,13,87,90,0,13,0,13,0,13
1500000US010890101013,Block Group 3; Census Tract 101.01; Madison County; Alabama,1559,621,679,190,27,39,25,30,18,32,0,13,0,13,0,13,0,13,25,40,57,63,53,80,0,13,35,44,0,13,39,48,30,37,48,39,49,76,0,13,0,13,78,82,195,134,0,13,0,13,880,511,0,13,103,136,209,247,13,21,0,13,0,13,0,13,20,30,12,19,51,68,99,132,22,26,36,45,40,44,103,127,74,89,0,13,16,27,19,32,15,26,48,53,0,13,0,13
1500000US010890101021,Block Group 1; Census Tract 101.02; Madison County; Alabama,2513,641,1357,367,51,49,63,65,103,80,127,94,37,45,0,13,0,13,119,85,127,182,14,22,52,58,77,70,129,88,67,74,104,125,31,50,65,53,66,77,34,55,51,57,31,38,9,15,0,13,1156,327,89,99,37,45,47,50,61,70,0,13,0,13,0,13,56,61,76,114,55,56,71,65,151,105,90,77,98,81,81,96,0,13,0,13,21,34,0,13,108,90,91,81,17,28,7,21
1500000US010890101022,Block Group 2; Census Tract 101.02; Madison County; Alabama,3685,922,1271,335,113,116,79,73,93,101,49,76,0,13,32,41,0,13,20,33,121,114,205,104,65,62,50,52,146,153,77,70,90,66,19,30,35,54,29,47,0,13,32,50,16,24,0,13,0,13,2414,736,127,88,309,302,363,198,83,90,76,110,0,13,0,13,23,38,40,48,247,128,166,166,227,167,94,83,79,75,65,66,131,179,90,80,52,62,73,83,90,79,0,13,47,53,32,51
1500000US010890102001,Block Group 1; Census Tract 102; Madison County; Alabama,2432,860,1203,446,83,80,68,60,67,53,21,33,19,24,0,13,37,44,0,13,29,49,26,24,21,28,111,105,44,49,46,44,101,107,21,33,84,65,26,30,293,380,67,55,15,24,13,23,11,19,1229,441,50,66,17,30,101,93,18,28,0,13,21,42,0,13,41,49,69,65,17,27,72,89,62,53,45,44,50,55,387,358,12,23,22,35,57,45,114,62,22,27,27,31,0,13,25,31
1500000US010890102002,Block Group 2; Census Tract 102; Madison County; Alabama,2313,468,1234,270,147,141,57,50,52,54,13,20,11,16,0,13,40,46,11,16,89,66,181,106,77,82,73,52,68,59,78,90,73,57,46,49,43,50,20,25,101,65,35,39,0,13,19,30,0,13,1079,248,89,75,109,122,0,13,20,30,6,10,0,13,0,13,0,13,202,123,147,77,24,30,64,50,0,13,83,96,138,80,32,37,0,13,48,44,40,46,58,48,19,31,0,13,0,13
1500000US010890102003,Block Group 3; Census Tract 102; Madison County; Alabama,1399,434,675,284,137,147,46,38,19,26,4,7,17,31,0,13,0,13,46,55,31,43,39,51,52,77,58,68,17,28,59,57,39,51,73,106,23,38,15,25,0,13,0,13,0,13,0,13,0,13,724,192,48,71,46,66,20,26,29,45,11,21,0,13,0,13,0,13,77,59,12,21,87,87,64,55,38,38,47,46,126,119,18,27,41,55,0,13,0,13,10,18,0,13,0,13,50,79
1500000US010890103021,Block Group 1; Census Tract 103.02; Madison County; Alabama,2565,869,1512,686,11,18,0,13,245,207,275,292,58,62,23,36,20,23,0,13,55,42,42,45,129,80,162,167,29,34,131,75,44,66,33,33,3,5,24,32,28,33,147,134,9,11,17,21,27,23,1053,266,20,32,84,72,36,42,38,37,10,17,0,13,19,29,22,27,89,64,48,53,26,36,113,83,148,160,46,43,13,19,61,67,17,26,5,10,45,36,158,202,16,15,22,21,17,20
1500000US010890103022,Block Group 2; Census Tract 103.02; Madison County; Alabama,2375,558,1012,260,11,17,8,13,50,49,15,22,57,50,10,16,0,13,89,78,112,87,95,64,63,62,56,74,36,39,48,37,160,79,0,13,54,42,66,53,49,40,22,20,6,12,0,13,5,9,1363,376,151,138,109,109,101,71,47,47,64,74,0,13,9,17,29,31,73,52,185,142,5,22,79,77,87,64,175,86,62,44,26,24,71,44,0,13,36,32,48,46,6,10,0,13,0,13
1500000US010890103031,Block Group 1; Census Tract 103.03; Madison County; Alabama,2181,645,1010,295,48,64,167,134,96,102,0,13,84,111,0,13,14,22,29,35,0,13,84,68,38,53,120,108,60,57,36,30,65,64,38,55,16,20,14,23,51,64,37,46,0,13,13,21,0,13,1171,460,175,236,87,99,100,87,0,13,135,146,95,132,0,13,9,15,10,17,54,63,105,83,20,34,150,131,64,69,14,16,8,13,88,83,9,14,0,13,32,42,8,13,8,13,0,13
1500000US010890103032,Block Group 2; Census Tract 103.03; Madison County; Alabama,1816,694,915,413,9,16,33,55,0,13,0,13,16,31,0,13,0,13,9,15,79,77,93,71,73,74,37,36,44,43,98,63,304,377,12,18,10,16,9,15,26,26,47,43,8,12,8,14,0,13,901,313,61,77,56,50,0,13,25,41,0,13,0,13,0,13,46,47,41,38,90,59,59,71,48,45,11,18,73,51,47,47,199,260,25,24,8,14,34,43,37,40,28,23,5,10,8,13
1500000US010890103041,Block Group 1; Census Tract 103.04; Madison County; Alabama,825,391,456,307,47,81,75,94,38,62,0,13,0,13,0,13,0,13,0,13,20,33,61,86,0,13,37,61,0,13,0,13,26,25,25,40,29,36,25,39,18,29,21,31,0,13,20,31,14,23,369,141,54,64,0,13,0,13,0,13,0,13,14,24,0,13,0,13,33,41,73,76,0,13,33,56,0,13,8,13,43,47,12,20,37,46,0,13,21,32,0,13,8,14,20,31,13,23
1500000US010890103042,Block Group 2; Census Tract 103.04; Madison County; Alabama,862,319,434,182,0,13,12,24,58,63,25,40,8,16,20,33,0,13,0,13,0,13,0,13,13,26,73,62,50,56,18,28,0,13,34,55,44,51,0,13,20,32,29,46,30,36,0,13,0,13,428,157,0,13,0,13,11,22,23,40,14,23,0,13,0,13,0,13,0,13,0,13,22,44,39,47,71,66,73,65,50,58,0,13,0,13,64,60,0,13,53,60,8,12,0,13,0,13
1500000US010890103043,Block Group 3; Census Tract 103.04; Madison County; Alabama,1692,690,796,309,138,144,37,65,23,38,0,13,0,13,15,26,17,27,41,64,126,132,46,55,37,65,25,31,21,31,21,33,22,36,23,37,95,70,0,13,16,26,35,42,0,13,37,42,21,33,896,398,130,120,33,58,113,120,23,37,0,13,0,13,0,13,65,79,115,129,32,56,13,22,53,52,23,37,0,13,98,84,39,45,33,39,0,13,0,13,23,37,0,13,60,53,43,49
1500000US010890103044,Block Group 4; Census Tract 103.04; Madison County; Alabama,1560,572,820,382,232,258,0,13,47,60,40,63,0,13,16,27,11,20,20,31,24,39,43,67,71,79,121,142,0,13,0,13,75,62,55,65,32,40,0,13,0,13,0,13,16,27,17,31,0,13,740,234,46,76,0,13,70,70,0,13,0,13,0,13,0,13,21,34,58,66,75,70,153,128,49,61,31,51,18,31,54,63,23,35,62,43,0,13,22,35,19,31,0,13,0,13,39,17
1500000US010890104031,Block Group 1; Census Tract 104.03; Madison County; Alabama,1297,427,550,300,0,13,60,55,56,59,31,41,34,49,0,13,0,13,11,17,0,13,30,36,0,13,11,21,72,75,88,80,41,37,0,13,0,13,13,20,0,13,23,29,0,13,80,74,0,13,747,237,12,19,49,62,17,29,0,13,0,13,0,13,0,13,17,28,35,40,10,19,11,17,93,74,38,55,108,64,21,25,0,13,194,209,50,78,14,23,0,13,67,72,11,21,0,13
1500000US010890104032,Block Group 2; Census Tract 104.03; Madison County; Alabama,1374,316,573,159,13,22,14,24,15,24,93,76,26,34,0,13,0,13,12,19,14,25,27,32,12,20,25,31,96,54,69,80,121,88,14,24,11,18,11,18,0,13,0,13,0,13,0,13,0,13,801,195,23,27,49,41,52,57,56,51,11,19,0,13,0,13,37,44,26,30,46,42,45,42,88,66,142,111,54,46,42,37,63,68,56,71,0,13,0,13,0,13,0,13,0,13,11,17
1500000US010890104041,Block Group 1; Census Tract 104.04; Madison County; Alabama,1915,675,1077,413,76,105,0,13,236,220,6,14,0,13,0,13,0,13,0,13,184,147,55,63,16,27,55,59,31,44,104,116,80,68,14,23,28,41,49,72,103,94,7,11,22,19,11,15,0,13,838,304,44,59,0,13,19,30,76,82,0,13,0,13,0,13,78,98,53,71,38,46,50,58,36,40,62,82,105,94,57,56,0,13,21,38,29,46,101,94,28,32,21,18,16,19,4,8
1500000US010890104042,Block Group 2; Census Tract 104.04; Madison County; Alabama,1004,390,430,151,27,39,0,13,0,13,15,28,14,25,0,13,0,13,47,33,19,30,9,17,12,19,0,13,37,51,13,24,106,80,41,39,0,13,0,13,9,14,62,48,0,13,19,28,0,13,574,278,0,13,12,19,37,63,0,13,11,18,0,13,0,13,17,26,0,13,14,22,58,98,35,53,82,55,30,34,56,66,61,75,0,13,0,13,43,67,95,77,9,14,14,22,0,13
1500000US010890104051,Block Group 1; Census Tract 104.05; Madison County; Alabama,1766,573,692,331,0,13,36,70,9,15,0,13,109,124,8,13,0,13,0,13,0,13,28,35,45,50,42,50,0,13,47,81,71,50,72,98,108,165,0,13,31,37,60,48,10,12,16,18,0,13,1074,314,70,96,168,173,45,48,14,19,0,13,37,60,0,13,0,13,31,40,16,25,33,44,24,41,52,78,122,109,43,45,0,13,63,72,84,99,128,186,70,76,21,31,21,25,32,40
1500000US010890104052,Block Group 2; Census Tract 104.05; Madison County; Alabama,2058,679,1127,416,46,61,68,81,115,167,0,13,0,13,172,151,0,13,8,15,37,42,9,14,134,94,45,52,156,186,78,75,102,82,12,16,17,30,0,13,26,24,97,79,0,13,0,13,5,9,931,299,49,80,49,40,18,30,49,55,0,13,0,13,0,13,35,53,0,13,44,47,114,105,10,16,179,139,97,79,107,114,30,50,30,36,16,28,15,16,23,24,52,47,0,13,14,22
1500000US010890104061,Block Group 1; Census Tract 104.06; Madison County; Alabama,1064,372,482,184,9,15,10,15,25,35,6,18,4,11,0,13,0,13,12,20,0,13,22,20,6,16,0,13,84,70,112,145,106,68,18,26,31,30,0,13,6,16,0,13,0,13,14,21,17,27,582,213,0,13,32,44,6,15,0,13,21,33,0,13,0,13,0,13,50,54,32,32,28,38,146,155,37,46,40,42,34,41,18,20,11,21,0,13,36,44,5,16,16,20,70,68,0,13
1500000US010890104062,Block Group 2; Census Tract 104.06; Madison County; Alabama,1957,653,883,306,84,85,39,58,35,40,51,55,41,44,0,13,0,13,36,43,207,179,0,13,57,58,46,57,25,33,70,60,30,38,39,43,0,13,24,29,28,32,34,33,37,38,0,13,0,13,1074,400,147,168,144,144,0,13,6,20,21,25,13,22,0,13,0,13,113,130,202,156,33,39,20,31,31,34,31,36,33,38,129,89,31,33,0,13,11,20,50,45,9,15,50,43,0,13
1500000US010890105021,Block Group 1; Census Tract 105.02; Madison County; Alabama,3677,1621,1629,754,99,60,57,45,77,41,56,63,58,68,13,18,22,27,62,49,307,297,112,92,107,125,37,42,271,291,61,45,41,31,50,60,41,48,0,13,0,13,110,153,34,36,14,20,0,13,2048,891,143,86,157,74,83,80,79,62,58,68,0,13,26,31,34,35,380,341,54,59,136,54,82,58,322,277,136,82,45,34,25,23,0,13,0,13,16,23,239,271,10,17,23,24,0,13
1500000US010890105022,Block Group 2; Census Tract 105.02; Madison County; Alabama,1301,250,665,155,35,46,23,25,27,27,10,19,19,20,0,13,29,41,0,13,30,28,13,13,48,36,13,21,43,27,89,57,114,69,84,87,19,21,10,16,0,13,13,20,24,25,9,16,13,20,636,120,10,15,29,27,26,23,17,23,27,42,9,14,0,13,0,13,12,18,38,37,20,23,31,30,73,47,21,24,125,66,50,44,53,43,3,5,15,25,41,36,36,30,0,13,0,13
1500000US010890105031,Block Group 1; Census Tract 105.03; Madison County; Alabama,1321,523,593,280,66,75,0,13,94,105,14,23,0,13,0,13,0,13,0,13,0,13,84,83,49,63,0,13,31,48,78,108,94,88,18,30,0,13,0,13,32,42,15,25,18,30,0,13,0,13,728,322,37,58,0,13,30,46,0,13,27,59,62,102,28,60,0,13,41,63,60,64,54,66,133,124,42,52,95,100,18,30,13,20,0,13,0,13,60,58,0,13,18,30,0,13,10,26
1500000US010890105032,Block Group 2; Census Tract 105.03; Madison County; Alabama,1594,673,769,304,73,77,0,13,134,120,0,13,0,13,0,13,0,13,27,48,30,47,52,63,21,36,42,61,126,136,0,13,18,31,20,34,30,52,0,13,155,161,0,13,16,27,25,38,0,13,825,420,81,85,0,13,66,68,0,13,36,67,129,209,0,13,0,13,51,61,25,42,37,51,42,55,30,50,82,129,37,36,33,59,0,13,28,48,90,136,0,13,42,47,0,13,16,27
1500000US010890105033,Block Group 3; Census Tract 105.03; Madison County; Alabama,1122,482,567,295,142,147,44,55,0,13,0,13,32,53,0,13,8,17,0,13,21,35,76,71,0,13,48,57,57,85,0,13,52,63,19,34,29,49,0,13,0,13,39,67,0,13,0,13,0,13,555,235,0,13,46,54,47,44,0,13,20,32,0,13,48,67,18,25,21,35,60,37,0,13,25,41,78,94,0,13,36,62,19,34,0,13,0,13,0,13,84,112,0,13,0,13,53,88
1500000US010890105034,Block Group 4; Census Tract 105.03; Madison County; Alabama,2179,569,1248,365,21,37,306,182,34,57,56,73,34,42,42,53,0,13,0,13,169,138,190,195,0,13,79,90,49,56,36,47,208,171,0,13,0,13,0,13,0,13,0,13,0,13,24,41,0,13,931,290,21,37,30,56,194,130,33,56,87,79,0,13,0,13,49,61,29,56,131,107,84,76,30,49,57,61,77,87,0,13,0,13,0,13,0,13,56,80,0,13,26,45,27,43,0,13
1500000US010890105041,Block Group 1; Census Tract 105.04; Madison County; Alabama,3686,715,2141,476,80,96,134,105,155,118,288,189,12,26,32,36,0,13,63,60,172,154,47,63,93,84,108,91,112,85,321,212,95,99,75,74,121,103,0,13,106,109,39,47,68,63,20,33,0,13,1545,420,135,168,125,80,129,124,10,20,57,76,24,42,0,13,0,13,0,13,93,98,84,64,85,54,111,80,211,137,37,46,68,66,70,68,33,54,75,91,57,46,60,68,35,40,46,75
1500000US010890105042,Block Group 2; Census Tract 105.04; Madison County; Alabama,1170,403,578,192,55,68,58,56,76,91,28,46,0,13,0,13,0,13,0,13,31,56,0,13,0,13,0,13,47,49,109,77,64,82,50,57,0,13,0,13,0,13,27,44,19,30,14,23,0,13,592,235,0,13,51,61,117,150,0,13,0,13,0,13,0,13,0,13,71,82,0,13,25,41,16,28,74,62,139,96,18,32,0,13,0,13,27,44,14,23,40,36,0,13,0,13,0,13
1500000US010890105043,Block Group 3; Census Tract 105.04; Madison County; Alabama,963,330,500,259,0,13,0,13,75,93,61,60,123,144,0,13,0,13,22,39,32,53,0,13,32,51,34,42,19,29,0,13,0,13,24,41,38,47,0,13,8,17,32,50,0,13,0,13,0,13,463,154,0,13,50,59,32,42,49,56,0,13,0,13,0,13,37,62,0,13,0,13,118,98,74,77,22,38,12,21,0,13,25,40,0,13,0,13,35,56,9,19,0,13,0,13,0,13
1500000US010890105044,Block Group 4; Census Tract 105.04; Madison County; Alabama,852,351,529,248,0,13,22,36,0,13,0,13,0,13,11,20,0,13,10,20,166,234,53,83,0,13,0,13,9,20,0,13,33,42,25,39,42,65,0,13,0,13,84,80,74,89,0,13,0,13,323,145,0,13,0,13,18,37,0,13,0,13,0,13,0,13,0,13,0,13,0,13,32,50,61,62,0,13,24,37,44,72,31,40,19,32,38,61,0,13,35,39,21,35,0,13,0,13
1500000US010890105045,Block Group 5; Census Tract 105.04; Madison County; Alabama,697,231,296,113,17,31,0,13,0,13,23,38,14,24,0,13,0,13,9,19,77,85,16,29,0,13,21,35,0,13,47,52,17,27,25,41,0,13,0,13,30,46,0,13,0,13,0,13,0,13,401,178,17,30,0,13,0,13,0,13,0,13,0,13,34,60,34,71,37,58,16,29,0,13,42,51,28,45,60,55,48,58,0,13,28,48,34,52,0,13,0,13,23,38,0,13,0,13
1500000US010890106121,Block Group 1; Census Tract 106.12; Madison County; Alabama,888,275,374,140,0,13,24,38,0,13,0,13,0,13,0,13,0,13,24,41,39,60,0,13,24,38,36,57,14,24,16,27,25,41,55,63,17,31,0,13,47,45,17,26,36,40,0,13,0,13,514,180,0,13,0,13,31,52,0,13,12,20,0,13,22,35,90,72,21,37,0,13,21,34,32,50,52,61,40,46,41,47,35,40,18,28,0,13,25,31,30,34,19,30,0,13,25,41
1500000US010890106122,Block Group 2; Census Tract 106.12; Madison County; Alabama,4305,543,2228,335,356,157,112,81,253,158,37,51,0,13,0,13,0,13,61,71,220,119,143,108,306,132,25,32,159,97,74,67,57,44,76,84,108,112,99,84,37,38,75,63,0,13,30,35,0,13,2077,294,132,87,61,74,181,109,18,29,53,81,0,13,0,13,129,99,208,111,116,70,190,107,131,104,124,82,123,99,235,111,18,28,63,50,36,42,93,79,12,21,65,67,14,23,75,75
1500000US010890106123,Block Group 3; Census Tract 106.12; Madison County; Alabama,3018,720,1486,357,161,126,90,76,72,58,31,52,68,102,58,89,0,13,135,122,135,166,128,97,91,72,67,65,37,59,92,78,66,45,0,13,21,37,15,24,88,63,72,67,0,13,8,13,51,43,1532,474,88,83,84,84,126,102,125,128,0,13,0,13,82,133,116,112,0,13,167,153,95,90,44,49,136,101,52,53,44,40,32,44,20,36,47,62,58,64,64,59,27,26,30,34,95,57
1500000US010890106231,Block Group 1; Census Tract 106.23; Madison County; Alabama,1458,442,721,208,0,13,12,22,0,13,30,47,0,13,0,13,38,61,0,13,34,51,12,20,0,13,112,114,79,107,18,30,120,75,0,13,146,80,59,48,0,13,44,50,0,13,17,27,0,13,737,298,0,13,42,67,39,62,20,34,16,26,0,13,24,40,3,7,0,13,67,74,23,40,62,85,67,61,65,59,90,68,95,80,72,54,18,29,0,13,17,27,17,28,0,13,0,13
1500000US010890106232,Block Group 2; Census Tract 106.23; Madison County; Alabama,3309,1636,1425,512,62,69,56,61,97,71,118,68,0,13,0,13,0,13,0,13,38,63,116,95,49,49,324,396,101,93,66,50,45,39,62,53,53,54,11,21,60,73,98,102,32,34,37,42,0,13,1884,1167,24,38,276,345,329,392,41,39,47,52,0,13,0,13,0,13,78,86,83,94,308,401,94,75,121,115,107,79,73,51,22,28,58,51,8,19,0,13,94,90,101,59,20,32,0,13
1500000US010890106233,Block Group 3; Census Tract 106.23; Madison County; Alabama,2611,603,1255,418,61,66,0,13,153,93,146,215,0,13,0,13,0,13,14,22,197,176,75,84,0,13,184,130,45,61,80,69,176,97,36,43,14,24,0,13,16,26,16,27,36,42,6,10,0,13,1356,276,46,60,45,48,93,67,92,84,0,13,0,13,0,13,73,71,101,104,36,41,123,90,143,113,89,86,125,80,77,60,64,55,64,60,48,53,48,52,22,28,51,49,0,13,16,27
1500000US010890106251,Block Group 1; Census Tract 106.25; Madison County; Alabama,1489,642,712,354,16,26,0,13,0,13,0,13,68,86,171,122,26,53,88,104,78,98,25,44,16,30,44,74,5,16,121,97,17,29,37,58,0,13,0,13,0,13,0,13,0,13,0,13,0,13,777,410,0,13,0,13,0,13,0,13,264,230,130,127,47,67,141,133,22,36,37,46,0,13,0,13,100,77,36,49,0,13,0,13,0,13,0,13,0,13,0,13,0,13,0,13,0,13
1500000US010890106252,Block Group 2; Census Tract 106.25; Madison County; Alabama,2924,1116,1067,582,0,13,236,266,247,265,18,34,90,104,31,32,17,44,60,70,92,107,0,13,48,74,0,13,18,40,0,13,55,82,9,20,8,21,0,13,0,13,89,127,11,21,10,21,28,41,1857,682,35,122,40,91,20,46,19,29,352,270,80,94,72,69,20,42,285,343,147,204,17,30,371,408,112,140,1,4,30,49,0,13,28,43,0,13,0,13,201,145,0,13,0,13,27,29
1500000US010890106253,Block Group 3; Census Tract 106.25; Madison County; Alabama,670,342,374,228,18,39,0,13,75,65,0,13,0,13,0,13,0,13,0,13,55,79,66,108,0,13,139,81,0,13,0,13,0,13,0,13,21,43,0,13,0,13,0,13,0,13,0,13,0,13,296,207,4,41,4,41,101,135,0,13,0,13,0,13,0,13,0,13,50,56,3,40,51,68,0,13,0,13,15,27,0,13,0,13,0,13,0,13,0,13,0,13,68,91,0,13,0,13
1500000US010890106261,Block Group 1; Census Tract 106.26; Madison County; Alabama,905,229,506,163,0,13,29,55,0,13,0,13,134,74,65,76,71,70,49,47,54,66,36,51,1,2,0,13,0,13,0,13,22,37,0,13,19,33,0,13,0,13,0,13,0,13,26,43,0,13,399,160,0,13,0,13,0,13,17,30,70,76,44,55,0,13,54,64,30,55,21,36,1,3,0,13,0,13,16,27,29,47,41,49,0,13,0,13,0,13,26,43,42,67,0,13,8,14
1500000US010890106262,Block Group 2; Census Tract 106.26; Madison County; Alabama,1591,404,663,166,0,13,86,78,111,163,0,13,0,13,0,13,15,25,186,113,105,96,0,13,0,13,65,74,0,13,19,34,55,83,0,13,0,13,21,33,0,13,0,13,0,13,0,13,0,13,928,311,151,176,35,57,0,13,33,56,0,13,93,126,0,13,58,67,168,139,73,118,196,141,29,50,52,75,18,30,0,13,0,13,22,37,0,13,0,13,0,13,0,13,0,13,0,13
1500000US010890106263,Block Group 3; Census Tract 106.26; Madison County; Alabama,1515,445,720,233,66,105,36,44,18,38,0,13,0,13,0,13,0,13,33,34,172,128,37,57,0,13,34,54,108,107,45,52,27,44,19,32,0,13,0,13,19,33,60,62,28,44,0,13,18,30,795,313,68,104,106,133,0,13,0,13,0,13,0,13,0,13,76,74,66,75,0,13,80,123,107,112,30,36,48,55,71,93,0,13,0,13,45,73,23,37,29,44,46,51,0,13,0,13
1500000US010890106271,Block Group 1; Census Tract 106.27; Madison County; Alabama,2028,649,1228,499,39,63,43,69,0,13,0,13,107,170,0,13,0,13,380,319,186,173,34,55,42,68,0,13,0,13,57,44,86,62,16,27,98,109,34,43,12,24,14,23,32,39,48,50,0,13,800,284,39,63,0,13,39,68,0,13,0,13,18,31,0,13,230,197,51,78,0,13,38,61,43,67,18,31,141,108,55,55,15,24,0,13,34,43,22,23,1,2,56,50,0,13,0,13
1500000US010890106272,Block Group 2; Census Tract 106.27; Madison County; Alabama,1649,501,982,369,45,69,0,13,129,108,0,13,86,133,109,156,0,13,119,143,100,102,157,151,28,33,54,80,0,13,88,95,67,59,0,13,0,13,0,13,0,13,0,13,0,13,0,13,0,13,667,227,24,53,0,13,0,13,64,102,0,13,0,13,26,45,46,53,68,78,246,84,0,13,59,86,0,13,78,91,0,13,0,13,0,13,0,13,14,23,23,24,19,40,0,13,0,13
1500000US010890106273,Block Group 3; Census Tract 106.27; Madison County; Alabama,1217,321,632,221,49,63,0,13,0,13,0,13,39,58,0,13,0,13,163,120,205,141,35,56,35,51,36,66,15,28,26,36,0,13,0,13,0,13,0,13,29,47,0,13,0,13,0,13,0,13,585,252,0,13,8,16,0,13,58,87,0,13,0,13,0,13,17,37,305,206,68,62,7,15,0,13,0,13,0,13,37,64,57,64,0,13,0,13,0,13,0,13,0,13,0,13,28,45
1500000US010890106281,Block Group 1; Census Tract 106.28; Madison County; Alabama,1502,638,899,463,36,40,49,74,0,13,53,79,34,49,0,13,0,13,174,230,60,59,36,37,53,50,14,23,0,13,57,66,39,33,216,213,14,26,13,20,12,20,6,16,33,36,0,13,0,13,603,198,16,29,37,45,9,16,0,13,0,13,0,13,0,13,0,13,30,40,12,21,39,39,0,13,135,164,100,76,42,41,90,84,14,21,4,10,12,19,28,33,13,20,0,13,22,35
1500000US010890106282,Block Group 2; Census Tract 106.28; Madison County; Alabama,2287,523,1148,338,93,80,69,84,115,93,122,89,10,22,0,13,0,13,36,42,90,98,74,54,86,76,53,58,150,91,56,50,41,34,0,13,45,39,10,17,7,15,67,57,24,27,0,13,0,13,1139,268,57,56,29,45,161,108,58,52,0,13,21,42,0,13,68,62,38,46,33,33,113,76,130,65,66,65,84,69,77,71,33,34,0,13,30,40,36,34,57,51,12,20,36,33,0,13
1500000US010890106291,Block Group 1; Census Tract 106.29; Madison County; Alabama,2569,447,1251,249,25,38,58,71,150,105,51,50,20,29,7,13,11,19,19,28,35,43,106,70,98,85,93,64,112,80,111,63,181,103,0,13,99,57,4,13,0,13,7,16,43,38,13,23,8,13,1318,284,136,123,50,55,191,185,130,90,0,13,0,13,0,13,75,82,8,19,88,63,26,26,131,94,60,51,178,92,9,15,65,52,60,52,5,13,0,13,63,47,28,36,0,13,15,25
1500000US010890106292,Block Group 2; Census Tract 106.29; Madison County; Alabama,2665,732,1526,523,42,39,265,290,94,97,11,18,76,115,0,13,28,33,28,32,74,85,193,216,200,160,26,30,66,64,12,19,144,127,29,31,21,32,42,45,77,79,88,70,0,13,10,16,0,13,1139,289,0,13,82,92,76,55,53,52,14,20,0,13,0,13,52,40,13,23,115,85,136,139,58,56,69,52,173,139,54,57,30,33,40,47,6,12,104,75,8,14,43,39,13,20,0,13
1500000US010890106301,Block Group 1; Census Tract 106.30; Madison County; Alabama,1214,510,613,267,0,13,0,13,0,13,106,120,42,48,0,13,9,14,7,17,37,47,0,13,0,13,22,33,32,40,119,129,94,67,0,13,20,22,46,41,0,13,42,35,12,18,12,25,13,20,601,258,12,23,0,13,0,13,131,135,16,25,0,13,9,19,0,13,26,32,20,36,0,13,0,13,73,52,90,103,79,54,0,13,36,24,12,19,26,28,19,32,14,28,26,39,12,20
1500000US010890106302,Block Group 2; Census Tract 106.30; Madison County; Alabama,2002,317,1028,258,86,42,75,49,55,70,0,13,0,13,25,47,13,24,51,50,54,55,199,114,33,38,27,34,12,21,67,46,157,80,24,27,37,34,21,28,0,13,54,37,23,23,8,15,7,12,974,192,55,50,16,24,123,71,35,39,0,13,14,24,0,13,32,35,138,128,99,60,38,36,15,18,19,25,133,74,38,34,48,33,25,30,27,33,41,37,39,37,24,23,15,16,0,13
1500000US010890106311,Block Group 1; Census Tract 106.31; Madison County; Alabama,2931,539,1762,398,179,109,141,108,225,139,76,105,18,31,0,13,28,40,21,33,152,85,92,96,196,82,93,87,164,119,157,139,68,84,19,30,18,27,43,43,12,19,25,29,0,13,35,39,0,13,1169,283,0,13,63,78,79,65,87,70,10,18,0,13,0,13,21,24,144,114,116,75,139,68,50,43,183,134,35,41,94,62,32,43,12,20,37,40,55,61,0,13,0,13,0,13,12,19
1500000US010890106312,Block Group 2; Census Tract 106.31; Madison County; Alabama,2340,410,1058,194,26,27,17,22,52,44,41,50,7,14,0,13,0,13,25,29,14,23,108,72,60,50,17,20,98,67,109,88,109,70,25,36,86,60,88,85,41,47,43,33,27,33,52,38,13,21,1282,267,71,85,134,106,66,49,97,57,5,10,0,13,0,13,13,19,22,34,107,73,78,52,40,34,82,51,92,87,86,53,64,57,60,48,65,87,42,42,38,33,30,33,68,50,22,25
1500000US010890107031,Block Group 1; Census Tract 107.03; Madison County; Alabama,1613,437,784,230,22,26,94,99,72,60,8,18,12,17,0,13,4,9,24,36,66,65,23,32,137,112,25,43,96,87,0,13,60,53,32,41,25,30,10,16,20,35,2,6,32,42,20,34,0,13,829,343,184,162,75,104,43,54,13,24,0,13,0,13,0,13,38,46,49,58,47,52,156,91,19,35,35,34,12,16,54,40,29,33,13,19,32,41,0,13,0,13,0,13,30,37,0,13
1500000US010890107032,Block Group 2; Census Tract 107.03; Madison County; Alabama,4546,655,2091,342,74,90,219,134,162,90,23,31,26,30,0,13,11,24,141,119,48,52,271,125,170,93,60,58,228,98,183,115,157,114,35,41,67,90,17,26,31,34,88,75,39,40,15,22,26,29,2455,417,225,124,147,114,200,81,63,58,62,56,0,13,0,13,141,158,193,118,181,125,134,102,168,111,164,99,316,140,96,66,25,38,24,64,77,74,34,32,76,58,48,50,58,59,23,35
1500000US010890107041,Block Group 1; Census Tract 107.04; Madison County; Alabama,2656,514,1340,313,77,65,179,93,171,97,45,49,0,13,0,13,0,13,83,78,0,13,65,68,21,34,73,76,62,51,17,28,206,97,64,78,16,26,35,38,50,46,120,137,43,35,13,22,0,13,1316,268,44,58,52,51,135,72,46,45,68,82,38,46,0,13,0,13,51,62,45,54,103,70,61,46,94,72,78,55,128,85,19,30,68,76,0,13,77,59,47,43,108,101,31,39,23,28
1500000US010890107042,Block Group 2; Census Tract 107.04; Madison County; Alabama,2050,775,886,363,54,68,22,36,56,58,0,13,0,13,0,13,28,42,0,13,63,81,192,229,66,61,81,95,21,36,115,83,23,37,32,45,45,54,34,36,36,41,0,13,0,13,0,13,18,30,1164,483,55,75,18,28,51,46,0,13,0,13,32,47,0,13,0,13,35,53,42,34,98,91,20,31,82,91,236,275,31,44,46,46,193,203,15,25,44,50,48,49,0,13,76,73,42,78
1500000US010890107043,Block Group 3; Census Tract 107.04; Madison County; Alabama,1538,427,830,331,0,13,0,13,0,13,2,4,136,171,0,13,17,29,32,39,89,136,49,56,58,58,110,105,17,25,48,50,70,57,0,13,57,72,26,41,0,13,17,27,8,14,32,38,62,62,708,242,17,32,71,61,32,42,0,13,24,40,25,39,1,4,0,13,20,37,9,16,62,57,18,30,136,85,32,37,51,46,12,20,51,55,43,52,19,30,15,25,38,34,16,26,16,24
1500000US010890107051,Block Group 1; Census Tract 107.05; Madison County; Alabama,944,324,475,185,0,13,0,13,2,46,36,56,33,44,0,13,66,90,0,13,26,40,56,64,38,56,1,2,88,63,1,20,0,13,33,41,18,36,19,22,0,13,12,19,24,30,5,14,17,22,469,172,0,13,29,48,27,31,34,36,11,20,0,13,0,13,0,13,60,69,0,13,10,19,0,13,32,39,14,32,135,96,0,13,11,22,0,13,41,62,14,22,8,13,4,13,39,30
1500000US010890107052,Block Group 2; Census Tract 107.05; Madison County; Alabama,3342,871,1759,524,134,107,232,152,31,52,50,82,0,13,0,13,0,13,95,105,176,161,102,142,85,87,8,14,71,71,10,19,171,104,0,13,242,267,32,49,7,13,86,90,30,28,197,211,0,13,1583,473,109,113,79,75,139,127,29,40,0,13,86,109,0,13,0,13,256,198,155,71,86,85,40,44,38,57,40,37,184,122,38,60,18,30,0,13,75,54,141,151,48,39,0,13,22,25
1500000US010890107061,Block Group 1; Census Tract 107.06; Madison County; Alabama,655,215,304,119,0,13,0,13,30,42,15,26,38,36,15,23,0,13,8,16,0,13,0,13,16,26,75,69,0,13,25,24,0,13,26,30,17,27,13,20,5,13,21,31,0,13,0,13,0,13,351,126,21,35,8,15,17,30,15,24,0,13,0,13,0,13,0,13,0,13,16,23,17,30,33,37,47,58,50,43,13,22,6,13,24,27,0,13,29,36,55,61,0,13,0,13,0,13
1500000US010890107062,Block Group 2; Census Tract 107.06; Madison County; Alabama,1672,519,846,304,151,133,64,69,86,87,0,13,0,13,39,54,39,54,0,13,33,41,28,45,6,14,137,101,0,13,72,52,112,107,16,19,49,47,14,22,0,13,0,13,0,13,0,13,0,13,826,320,10,16,107,116,152,177,0,13,0,13,0,13,0,13,20,32,51,64,8,16,107,77,34,46,94,98,26,33,65,83,25,23,9,15,23,36,49,44,0,13,19,31,13,21,14,22
1500000US010890107063,Block Group 3; Census Tract 107.06; Madison County; Alabama,1999,350,878,177,10,19,14,27,19,26,102,94,0,13,0,13,0,13,20,33,63,65,37,36,10,17,60,49,99,76,30,36,90,75,12,19,109,90,48,45,68,57,51,52,11,17,0,13,25,27,1121,233,34,59,44,52,30,39,68,79,49,77,29,48,9,16,0,13,49,54,45,44,28,36,103,80,69,56,97,65,91,75,51,40,91,90,15,22,55,52,75,49,20,26,21,24,48,55
1500000US010890108011,Block Group 1; Census Tract 108.01; Madison County; Alabama,2035,510,1025,332,39,64,16,27,150,138,80,80,37,42,27,40,18,29,12,21,92,114,35,47,27,33,109,75,92,75,59,52,68,55,46,50,43,52,14,22,13,27,17,28,15,26,16,27,0,13,1010,249,16,30,14,24,149,99,23,28,0,13,0,13,22,33,19,30,23,38,49,55,89,55,129,93,43,56,93,62,38,43,23,39,42,50,39,49,13,27,141,127,16,26,0,13,29,48
1500000US010890108012,Block Group 2; Census Tract 108.01; Madison County; Alabama,3132,788,1562,545,47,67,162,139,145,115,33,48,6,12,0,13,0,13,10,20,20,33,47,46,320,329,0,13,115,97,79,95,81,76,305,326,13,22,130,187,0,13,19,34,0,13,30,48,0,13,1570,348,128,75,64,55,178,121,128,111,25,49,22,37,0,13,74,90,57,51,194,250,169,87,46,52,12,24,175,120,73,70,36,42,44,50,0,13,0,13,21,39,75,97,49,59,0,13
1500000US010890108013,Block Group 3; Census Tract 108.01; Madison County; Alabama,1037,395,463,229,15,27,0,13,70,90,30,50,18,29,0,13,0,13,18,30,24,39,34,53,0,13,16,28,25,39,54,58,103,86,20,33,0,13,0,13,0,13,0,13,36,42,0,13,0,13,574,196,15,26,0,13,60,92,0,13,0,13,12,23,0,13,25,41,0,13,0,13,14,25,0,13,26,41,140,102,12,21,19,32,19,31,0,13,74,76,158,128,0,13,0,13,0,13
1500000US010890108021,Block Group 1; Census Tract 108.02; Madison County; Alabama,905,427,468,232,49,81,0,13,0,13,0,13,0,13,0,13,0,13,0,13,31,39,46,75,0,13,0,13,0,13,0,13,29,45,92,103,0,13,0,13,0,13,132,105,0,13,89,102,0,13,437,230,49,80,0,13,0,13,0,13,0,13,0,13,0,13,0,13,31,38,47,76,0,13,14,24,60,107,28,45,126,111,0,13,82,99,0,13,0,13,0,13,0,13,0,13,0,13
1500000US010890108022,Block Group 2; Census Tract 108.02; Madison County; Alabama,2458,678,1199,401,102,109,48,79,51,82,0,13,0,13,0,13,71,85,0,13,0,13,122,133,153,174,73,88,0,13,117,98,297,261,16,25,53,61,28,46,15,24,53,61,0,13,0,13,0,13,1259,435,249,178,89,134,0,13,0,13,0,13,0,13,0,13,27,45,219,189,44,58,69,104,45,73,51,64,75,81,308,253,0,13,0,13,16,26,0,13,29,48,23,40,0,13,15,25
1500000US010890108023,Block Group 3; Census Tract 108.02; Madison County; Alabama,1621,515,773,286,0,13,0,13,51,78,71,89,0,13,0,13,25,45,34,44,0,13,0,13,97,130,42,40,38,47,68,77,16,28,26,45,0,13,25,42,77,109,44,54,71,62,88,141,0,13,848,295,20,36,0,13,72,73,0,13,0,13,0,13,0,13,0,13,0,13,40,49,76,117,58,71,25,40,62,78,46,58,0,13,42,54,0,13,18,29,65,62,196,204,106,163,22,37
1500000US010890109021,Block Group 1; Census Tract 109.02; Madison County; Alabama,889,183,381,85,2,5,23,18,10,8,21,19,22,31,0,13,12,15,6,6,50,44,37,30,17,15,28,20,8,6,14,14,33,22,10,11,27,18,0,13,5,7,20,14,21,18,9,14,6,7,508,118,33,38,60,52,7,9,9,9,7,12,0,13,3,5,36,36,42,38,48,30,15,14,14,12,21,19,24,18,45,35,16,13,22,18,17,17,18,17,30,18,17,12,17,14,7,7
1500000US010890109022,Block Group 2; Census Tract 109.02; Madison County; Alabama,471,162,230,104,0,13,10,16,0,13,32,32,0,13,0,13,0,13,9,14,0,13,5,9,40,27,11,17,10,14,19,20,9,12,46,47,9,13,18,19,0,13,5,8,0,13,7,11,0,13,241,74,0,13,10,15,19,25,0,13,0,13,0,13,0,13,0,13,15,17,0,13,10,16,20,22,19,19,16,17,19,21,15,18,10,14,2,4,8,13,26,23,26,19,26,29,0,13
1500000US010890109023,Block Group 3; Census Tract 109.02; Madison County; Alabama,1092,362,549,217,29,39,71,46,16,22,17,22,0,13,0,13,8,12,11,11,22,24,0,13,13,20,68,47,0,13,24,21,34,40,37,45,25,21,15,17,19,21,119,135,7,12,9,14,5,8,543,169,21,32,15,19,28,38,25,39,5,8,0,13,7,11,0,13,20,24,0,13,11,17,28,22,0,13,16,17,68,44,43,40,16,18,11,17,136,128,89,52,0,13,4,7,0,13
1500000US010890109031,Block Group 1; Census Tract 109.03; Madison County; Alabama,1752,491,765,249,70,68,41,58,37,62,30,53,0,13,14,25,0,13,0,13,32,44,57,61,208,210,68,73,41,46,13,23,0,13,0,13,18,37,15,25,40,65,15,27,66,59,0,13,0,13,987,319,107,85,4,13,38,55,51,55,34,42,0,13,15,25,12,23,20,38,220,163,22,37,64,67,0,13,157,148,0,13,0,13,38,58,87,92,9,17,95,84,14,30,0,13,0,13
1500000US010890109032,Block Group 2; Census Tract 109.03; Madison County; Alabama,1620,586,930,435,161,197,104,115,31,47,104,116,0,13,0,13,0,13,0,13,0,13,119,125,81,113,0,13,28,43,11,19,70,96,13,21,0,13,29,48,14,24,62,60,103,120,0,13,0,13,690,232,0,13,54,55,60,57,0,13,0,13,0,13,0,13,0,13,0,13,181,150,0,13,61,59,0,13,48,55,0,13,0,13,50,78,28,44,21,31,165,156,22,37,0,13,0,13
1500000US010890109033,Block Group 3; Census Tract 109.03; Madison County; Alabama,3208,867,1403,390,78,93,130,111,147,141,17,28,20,29,24,41,0,13,112,117,157,164,20,31,22,35,139,98,189,118,51,67,115,103,0,13,39,49,0,13,65,82,34,58,44,47,0,13,0,13,1805,666,54,69,282,339,295,152,76,92,8,18,0,13,0,13,21,34,173,223,66,62,170,141,234,117,106,116,0,13,59,59,28,48,132,116,14,26,0,13,42,47,45,54,0,13,0,13
1500000US010890109041,Block Group 1; Census Tract 109.04; Madison County; Alabama,2597,378,1297,187,38,43,278,170,42,49,71,64,0,13,0,13,0,13,0,13,19,24,44,39,97,109,153,99,68,60,262,197,58,49,25,29,11,19,0,13,12,20,51,80,13,21,10,16,45,71,1300,249,57,51,130,108,31,39,27,31,17,31,0,13,19,31,8,14,27,34,44,42,61,79,234,158,233,209,76,49,72,63,11,19,0,13,0,13,31,36,42,37,168,165,12,19,0,13
1500000US010890109042,Block Group 2; Census Tract 109.04; Madison County; Alabama,1193,477,716,297,24,30,26,37,152,137,55,62,6,11,0,13,9,15,0,13,16,27,0,13,24,26,38,61,63,65,32,30,102,77,70,93,14,24,9,15,14,23,54,86,0,13,8,14,0,13,477,211,24,30,0,13,7,12,86,93,4,7,0,13,0,13,0,13,10,18,15,18,6,10,78,94,29,31,64,47,111,108,10,17,9,15,12,21,0,13,0,13,0,13,12,20,0,13
1500000US010890109051,Block Group 1; Census Tract 109.05; Madison County; Alabama,2578,1024,1370,617,116,124,76,73,100,118,87,119,106,137,0,13,0,13,0,13,20,33,60,75,64,77,75,72,119,114,324,394,40,47,50,42,0,13,73,63,0,13,49,55,11,18,0,13,0,13,1208,437,96,98,0,13,123,132,78,86,34,54,0,13,0,13,0,13,56,86,22,38,41,64,68,65,140,116,276,333,10,18,68,45,0,13,0,13,31,50,58,66,69,73,24,40,14,24
1500000US010890109052,Block Group 2; Census Tract 109.05; Madison County; Alabama,1841,591,841,295,0,13,0,13,97,153,16,24,0,13,0,13,28,47,0,13,0,13,0,13,86,99,109,121,45,71,54,60,68,80,18,29,76,85,0,13,56,55,32,37,28,33,35,34,93,63,1000,371,72,108,71,104,85,115,0,13,0,13,0,13,0,13,22,35,0,13,0,13,92,115,83,113,92,89,51,58,45,69,28,47,57,54,43,64,33,35,77,64,70,54,42,50,37,35
1500000US010890109053,Block Group 3; Census Tract 109.05; Madison County; Alabama,3575,779,1950,439,131,103,81,97,304,229,42,51,0,13,52,94,0,13,0,13,90,90,57,73,161,121,46,50,102,105,251,182,188,108,75,82,39,45,105,94,74,108,32,39,52,56,31,45,37,56,1625,390,90,91,77,88,44,66,105,135,9,17,0,13,0,13,63,108,60,65,183,116,23,39,96,94,82,79,89,87,245,118,85,93,78,82,4,17,97,125,62,91,49,54,68,72,16,26
1500000US010890110121,Block Group 1; Census Tract 110.12; Madison County; Alabama,2250,433,1129,218,10,19,141,90,14,24,88,91,12,22,0,13,0,13,41,48,0,13,5,11,70,81,64,54,64,77,62,48,202,122,93,62,48,41,19,31,54,52,34,38,74,91,0,13,34,39,1121,269,73,82,89,67,25,29,43,45,54,64,0,13,0,13,0,13,84,105,100,95,75,56,58,49,77,82,108,55,91,93,14,23,52,44,0,13,36,49,87,74,28,39,13,22,14,22
1500000US010890110122,Block Group 2; Census Tract 110.12; Madison County; Alabama,1952,498,970,273,45,43,28,31,98,88,75,81,21,26,0,13,0,13,62,61,19,33,35,42,72,57,35,42,22,32,46,51,50,42,77,79,33,42,17,27,110,103,42,55,67,61,16,27,0,13,982,259,58,48,79,59,45,67,33,48,0,13,0,13,0,13,0,13,14,24,48,47,60,59,36,42,62,58,62,61,52,40,43,52,137,95,36,43,46,59,52,68,60,69,59,67,0,13
1500000US010890110123,Block Group 3; Census Tract 110.12; Madison County; Alabama,1541,378,796,209,27,37,105,71,123,79,0,13,20,30,0,13,0,13,24,37,25,42,24,23,70,64,81,60,56,54,80,53,44,50,13,21,8,18,0,13,0,13,58,53,38,39,0,13,0,13,745,188,51,40,33,44,61,56,88,54,0,13,0,13,0,13,22,37,22,37,80,55,44,44,57,48,72,53,75,54,34,41,0,13,20,29,0,13,31,36,55,54,0,13,0,13,0,13
1500000US010890110131,Block Group 1; Census Tract 110.13; Madison County; Alabama,1006,244,503,147,15,17,17,22,22,25,0,13,28,38,0,13,0,13,12,19,95,81,24,28,34,34,36,32,22,29,16,23,31,24,22,24,17,26,10,15,11,17,47,37,44,38,0,13,0,13,503,157,24,35,9,16,21,23,25,46,7,12,0,13,0,13,8,12,21,31,29,31,23,28,15,18,89,71,26,35,49,31,21,33,19,20,0,13,10,18,80,65,27,22,0,13,0,13
1500000US010890110132,Block Group 2; Census Tract 110.13; Madison County; Alabama,2343,484,1337,280,102,93,48,40,81,76,91,65,60,63,0,13,10,16,0,13,28,31,50,54,128,88,103,94,67,62,160,86,156,79,51,45,9,16,21,26,0,13,70,52,49,45,41,27,12,17,1006,245,45,42,54,43,43,47,100,69,4,6,0,13,11,17,27,29,0,13,101,71,24,41,115,97,121,70,48,47,115,78,30,34,43,40,53,51,0,13,24,23,31,23,9,15,8,12
1500000US010890110133,Block Group 3; Census Tract 110.13; Madison County; Alabama,1265,350,604,234,0,13,0,13,103,141,47,57,12,17,0,13,0,13,34,39,0,13,28,48,38,35,50,54,23,29,77,89,48,48,43,55,15,20,59,55,8,13,19,21,0,13,0,13,0,13,661,166,0,13,7,13,27,35,49,50,17,26,0,13,0,13,56,40,18,27,85,90,29,45,131,87,14,23,16,19,45,45,37,41,63,56,9,13,14,27,19,21,0,13,5,8,20,22
1500000US010890110211,Block Group 1; Census Tract 110.21; Madison County; Alabama,1204,472,736,299,13,22,42,64,62,81,0,13,0,13,57,77,0,13,79,85,59,78,41,49,24,39,122,97,29,46,59,64,68,61,46,71,20,32,15,24,0,13,0,13,0,13,0,13,0,13,468,206,19,29,21,35,9,14,6,12,76,100,0,13,0,13,0,13,29,46,48,42,21,35,84,83,0,13,0,13,89,71,15,25,19,31,0,13,18,29,0,13,14,23,0,13,0,13
1500000US010890110212,Block Group 2; Census Tract 110.21; Madison County; Alabama,1941,589,1007,347,167,137,51,57,5,12,50,81,34,50,0,13,10,17,14,24,194,104,90,96,14,20,95,115,32,48,22,35,59,57,17,31,56,62,82,91,0,13,0,13,0,13,15,25,0,13,934,290,61,95,0,13,36,39,15,23,0,13,24,45,34,51,34,42,129,87,18,28,83,110,32,42,31,37,73,60,76,82,0,13,192,157,0,13,0,13,81,103,15,24,0,13,0,13
1500000US010890110213,Block Group 3; Census Tract 110.21; Madison County; Alabama,1490,521,461,254,26,39,11,18,38,58,92,118,0,13,0,13,29,47,18,30,60,95,55,91,23,36,33,51,47,46,29,38,0,13,0,13,0,13,0,13,0,13,0,13,0,13,0,13,0,13,1029,396,4,9,66,107,0,13,0,13,25,36,76,118,48,76,67,63,134,149,326,286,94,113,0,13,0,13,18,31,0,13,0,13,23,37,0,13,0,13,68,62,63,66,0,13,17,31
1500000US010890110231,Block Group 1; Census Tract 110.23; Madison County; Alabama,1197,427,498,193,31,35,36,62,60,68,17,28,22,39,0,13,0,13,0,13,28,35,25,27,23,37,15,26,34,52,30,39,49,38,33,37,14,24,49,79,0,13,0,13,0,13,0,13,32,37,699,296,63,72,67,80,118,123,0,13,0,13,16,26,14,22,0,13,24,31,32,39,78,71,24,28,35,54,36,36,45,42,9,17,0,13,39,42,0,13,0,13,0,13,14,24,85,74
1500000US010890110232,Block Group 2; Census Tract 110.23; Madison County; Alabama,1986,512,1110,297,73,78,159,136,83,124,21,40,29,26,13,22,0,13,16,18,45,36,36,41,79,69,21,30,17,30,180,92,179,109,0,13,74,60,24,39,0,13,15,27,14,22,32,37,0,13,876,243,63,63,66,74,50,48,16,26,0,13,0,13,0,13,0,13,0,13,53,49,61,70,78,75,41,47,100,55,135,67,30,33,17,26,80,82,0,13,15,27,9,16,22,33,40,45
1500000US010890110233,Block Group 3; Census Tract 110.23; Madison County; Alabama,3550,607,1955,417,108,85,272,170,131,67,123,96,32,45,0,13,17,22,63,82,38,46,67,57,419,183,46,66,90,56,158,87,113,90,15,25,36,41,53,53,58,63,73,52,43,53,0,13,0,13,1595,292,165,82,135,110,102,67,78,88,0,13,0,13,0,13,0,13,24,40,176,107,225,117,49,60,141,67,134,91,65,54,31,35,100,66,31,48,42,47,71,59,26,42,0,13,0,13
1500000US010890110241,Block Group 1; Census Tract 110.24; Madison County; Alabama,2560,456,1183,238,87,95,156,69,57,50,21,31,19,22,38,39,16,25,23,26,37,42,23,29,110,78,142,82,37,44,130,68,133,113,75,49,41,36,0,13,28,34,0,13,0,13,10,15,0,13,1377,268,111,84,193,78,63,54,161,141,8,14,0,13,0,13,43,46,55,57,66,50,72,51,121,70,186,119,28,33,71,51,62,49,68,44,27,29,0,13,15,24,0,13,24,30,3,6
1500000US010890110242,Block Group 2; Census Tract 110.24; Madison County; Alabama,3078,707,1689,441,50,45,207,135,200,188,67,63,123,172,0,13,38,57,5,10,0,13,29,33,203,157,145,98,21,24,114,85,116,76,94,62,51,37,23,24,13,21,20,24,159,233,11,22,0,13,1389,368,47,60,87,76,117,98,100,85,40,61,16,29,0,13,37,29,41,51,32,35,147,71,94,88,103,82,196,83,53,42,50,46,48,37,0,13,23,27,9,15,149,224,0,13,0,13
1500000US010890110251,Block Group 1; Census Tract 110.25; Madison County; Alabama,802,321,490,256,0,13,18,28,59,53,77,83,0,13,0,13,0,13,2,5,103,167,0,13,19,33,34,39,18,28,14,24,23,35,0,13,53,71,0,13,0,13,30,33,12,19,28,32,0,13,312,108,0,13,0,13,0,13,22,36,0,13,0,13,0,13,0,13,0,13,0,13,16,25,14,23,22,33,0,13,0,13,123,90,12,19,17,26,0,13,16,25,15,24,42,41,13,21
1500000US010890110252,Block Group 2; Census Tract 110.25; Madison County; Alabama,1603,563,610,319,108,117,74,94,36,59,38,64,0,13,0,13,0,13,0,13,0,13,50,58,19,31,18,34,194,157,73,119,0,13,0,13,0,13,0,13,0,13,0,13,0,13,0,13,0,13,993,354,31,49,161,166,101,149,144,162,22,38,0,13,0,13,29,47,80,81,17,28,180,177,0,13,129,144,10,18,0,13,15,25,48,75,14,25,12,19,0,13,0,13,0,13,0,13
1500000US010890110253,Block Group 3; Census Tract 110.25; Madison County; Alabama,1383,549,724,308,25,43,96,82,190,196,0,13,0,13,0,13,0,13,0,13,0,13,70,69,34,38,132,108,0,13,14,23,36,43,34,37,0,13,19,26,14,24,29,33,31,33,0,13,0,13,659,269,49,42,75,69,17,28,16,26,0,13,0,13,0,13,0,13,0,13,39,62,29,36,145,95,101,140,15,24,23,27,32,37,0,13,10,16,15,24,17,26,15,24,27,32,34,37
1500000US010890110254,Block Group 4; Census Tract 110.25; Madison County; Alabama,2883,602,1454,308,75,76,188,99,152,94,139,102,12,20,0,13,26,43,42,49,0,13,43,41,60,58,144,94,204,124,115,71,53,70,30,34,58,48,0,13,37,41,63,50,13,22,0,13,0,13,1429,341,127,71,203,133,87,58,138,107,0,13,0,13,0,13,51,58,20,30,30,34,227,117,154,95,48,43,114,85,56,54,34,32,49,44,0,13,14,24,44,42,4,8,29,31,0,13
1500000US010890110261,Block Group 1; Census Tract 110.26; Madison County; Alabama,1803,438,894,211,69,68,38,48,198,99,95,81,0,13,0,13,0,13,0,13,0,13,21,25,25,30,80,50,97,76,52,60,26,29,70,71,73,58,0,13,0,13,9,14,17,19,11,19,13,21,909,293,27,25,95,72,107,74,123,107,0,13,0,13,0,13,0,13,0,13,23,24,78,48,215,138,34,34,39,39,66,47,14,23,43,50,0,13,24,30,0,13,21,25,0,13,0,13
1500000US010890110262,Block Group 2; Census Tract 110.26; Madison County; Alabama,2079,497,1019,250,18,23,91,66,136,61,39,36,60,64,27,30,0,13,0,13,59,49,8,15,0,13,151,94,56,41,163,162,33,32,14,22,25,29,13,21,75,76,35,30,8,14,2,4,6,10,1060,296,39,35,45,31,95,63,115,106,43,48,0,13,0,13,47,64,49,41,23,26,46,37,121,69,24,27,102,116,107,67,13,22,24,29,64,59,41,60,31,30,24,29,0,13,7,12
1500000US010890110271,Block Group 1; Census Tract 110.27; Madison County; Alabama,1506,417,764,267,0,13,16,26,102,103,0,13,16,33,0,13,0,13,147,170,71,62,62,49,95,59,8,13,69,80,30,35,64,72,0,13,84,69,0,13,0,13,0,13,0,13,0,13,0,13,742,234,57,69,63,65,0,13,0,13,0,13,0,13,0,13,38,40,52,51,85,67,33,58,109,98,128,131,35,38,51,63,43,42,0,13,0,13,0,13,6,10,33,42,9,16,0,13
1500000US010890110272,Block Group 2; Census Tract 110.27; Madison County; Alabama,1730,450,782,265,36,37,0,13,122,141,23,39,0,13,0,13,0,13,0,13,44,52,117,73,12,19,60,68,49,78,9,19,24,34,44,42,38,53,24,28,102,133,44,29,8,13,26,42,0,13,948,299,138,104,37,51,23,35,0,13,0,13,0,13,0,13,0,13,74,65,115,60,93,81,183,208,22,32,7,15,11,19,32,49,38,53,16,21,67,50,41,37,17,26,20,29,14,23
1500000US010890110281,Block Group 1; Census Tract 110.28; Madison County; Alabama,1609,635,837,408,39,50,22,36,99,95,59,60,0,13,0,13,0,13,16,26,13,21,272,334,55,51,16,26,29,36,109,87,0,13,12,20,27,31,0,13,0,13,60,70,9,14,0,13,0,13,772,421,12,21,8,14,11,18,0,13,0,13,0,13,0,13,32,41,23,29,58,48,18,30,23,26,70,63,51,52,45,68,284,392,27,30,29,48,0,13,17,26,35,33,14,23,15,24
1500000US010890110282,Block Group 2; Census Tract 110.28; Madison County; Alabama,1193,464,481,201,0,13,0,13,0,13,115,119,0,13,104,99,0,13,51,61,110,108,0,13,0,13,24,39,0,13,0,13,0,13,0,13,0,13,0,13,0,13,57,88,0,13,20,34,0,13,712,338,0,13,0,13,0,13,133,78,0,13,129,121,142,135,0,13,38,45,0,13,0,13,0,13,0,13,23,37,163,166,0,13,0,13,0,13,0,13,56,87,28,41,0,13,0,13
1500000US010890110283,Block Group 3; Census Tract 110.28; Madison County; Alabama,1628,387,779,275,0,13,0,13,0,13,52,76,51,81,26,50,13,26,0,13,116,80,80,84,14,23,31,37,55,69,26,59,91,122,80,106,58,67,15,25,49,55,22,24,0,13,0,13,0,13,849,226,13,21,0,13,111,128,16,25,0,13,0,13,0,13,132,191,100,98,25,21,0,13,110,116,31,37,78,90,27,31,12,19,65,62,0,13,29,38,60,50,0,13,14,23,26,29
1500000US010890111001,Block Group 1; Census Tract 111; Madison County; Alabama,417,229,257,123,0,13,14,19,13,17,18,22,33,27,23,28,20,23,15,18,43,46,13,15,0,13,21,18,21,20,13,14,0,13,0,13,0,13,10,8,0,13,0,13,0,13,0,13,0,13,160,110,0,13,12,15,6,8,31,27,0,13,7,10,22,21,15,20,18,27,8,12,0,13,12,12,11,15,12,13,0,13,0,13,6,8,0,13,0,13,0,13,0,13,0,13,0,13
1500000US010890111002,Block Group 2; Census Tract 111; Madison County; Alabama,699,177,366,113,17,18,20,19,31,44,0,13,5,8,0,13,11,12,0,13,9,13,25,17,24,17,0,13,51,48,34,21,83,37,0,13,0,13,23,20,15,16,13,10,0,13,5,6,0,13,333,92,5,9,5,9,32,28,17,17,22,29,0,13,0,13,21,30,24,26,22,17,5,8,18,17,33,23,65,30,43,24,0,13,0,13,0,13,11,8,0,13,7,8,3,4,0,13
1500000US010890112011,Block Group 1; Census Tract 112.01; Madison County; Alabama,1576,449,713,228,20,36,13,29,33,47,22,28,67,74,0,13,15,32,0,13,48,60,76,79,110,114,34,56,141,93,0,13,34,51,39,64,12,23,0,13,0,13,49,80,0,13,0,13,0,13,863,266,77,99,45,79,116,94,18,22,38,43,0,13,0,13,0,13,24,36,37,51,114,96,89,101,104,95,42,50,24,43,23,37,28,49,0,13,35,58,49,80,0,13,0,13,0,13
1500000US010890112012,Block Group 2; Census Tract 112.01; Madison County; Alabama,3328,605,1388,377,0,13,0,13,60,69,0,13,0,13,0,13,8,16,30,39,47,64,206,155,106,105,71,76,25,44,105,92,184,107,156,178,76,63,215,164,29,62,55,73,15,25,0,13,0,13,1940,350,0,13,27,47,0,13,0,13,0,13,154,133,0,13,166,124,227,153,70,75,85,80,48,77,80,74,34,44,463,250,102,89,186,142,57,94,45,79,139,104,15,24,42,67,0,13
1500000US010890112021,Block Group 1; Census Tract 112.02; Madison County; Alabama,1729,565,802,299,93,121,13,29,25,40,0,13,0,13,0,13,0,13,73,67,86,100,81,77,130,141,42,52,132,129,20,32,57,70,0,13,0,13,0,13,0,13,0,13,50,81,0,13,0,13,927,342,25,49,156,126,41,60,0,13,0,13,0,13,0,13,2,4,261,186,122,121,81,91,46,52,0,13,0,13,70,96,79,130,30,52,0,13,14,22,0,13,0,13,0,13,0,13
1500000US010890112022,Block Group 2; Census Tract 112.02; Madison County; Alabama,2081,722,1167,472,223,232,0,13,0,13,0,13,0,13,0,13,63,106,21,33,246,185,276,211,18,28,125,196,0,13,0,13,69,79,8,25,43,68,0,13,19,31,24,37,32,31,0,13,0,13,914,368,127,163,0,13,0,13,0,13,0,13,0,13,0,13,21,31,19,34,230,170,0,13,183,276,0,13,0,13,131,102,0,13,42,65,24,37,45,53,61,99,15,22,16,26,0,13
1500000US010890112023,Block Group 3; Census Tract 112.02; Madison County; Alabama,1850,619,869,311,18,29,38,59,41,70,33,54,0,13,61,82,0,13,13,23,83,83,60,63,54,87,73,83,28,49,138,138,62,73,0,13,0,13,20,34,38,46,45,47,25,40,0,13,39,46,981,365,0,13,33,52,33,51,37,61,0,13,0,13,0,13,73,98,10,26,114,117,31,40,68,80,23,42,181,150,0,13,97,82,0,13,120,133,0,13,63,69,25,41,17,28,56,61
1500000US010890112031,Block Group 1; Census Tract 112.03; Madison County; Alabama,901,424,401,167,0,13,14,35,7,17,0,13,0,13,0,13,0,13,0,13,0,13,91,68,86,112,7,17,45,40,0,13,30,48,21,36,0,13,68,69,0,13,32,51,0,13,0,13,0,13,500,296,88,119,0,13,85,100,0,13,0,13,0,13,0,13,0,13,22,35,91,82,0,13,80,99,0,13,0,13,30,48,0,13,104,93,0,13,0,13,0,13,0,13,0,13,0,13
1500000US010890112032,Block Group 2; Census Tract 112.03; Madison County; Alabama,3510,27,1867,197,228,138,85,67,84,99,59,68,8,14,0,13,18,30,4,8,182,128,279,117,169,156,172,110,80,57,73,55,178,142,0,13,52,80,16,17,33,42,4,7,3,7,140,113,0,13,1643,196,171,126,164,138,41,54,35,38,14,27,0,13,0,13,40,38,151,87,188,82,233,150,131,72,83,70,104,96,113,101,0,13,8,13,8,13,15,17,68,86,76,72,0,13,0,13
1500000US010890112033,Block Group 3; Census Tract 112.03; Madison County; Alabama,1381,524,537,202,21,39,0,13,70,108,8,20,0,13,0,13,0,13,0,13,23,37,0,13,11,21,28,51,112,115,65,70,24,40,0,13,0,13,77,93,0,13,38,60,60,64,0,13,0,13,844,420,69,95,83,86,74,88,0,13,0,13,0,13,0,13,21,32,0,13,0,13,77,91,0,13,8,19,35,53,102,68,0,13,0,13,0,13,38,60,31,49,279,199,0,13,27,38
1500000US010890113011,Block Group 1; Census Tract 113.01; Madison County; Alabama,1808,305,843,134,4,9,72,67,53,36,20,23,19,22,14,22,0,13,26,22,30,32,93,82,40,30,35,32,56,42,31,23,80,41,53,48,61,39,13,15,43,35,66,39,27,24,0,13,7,11,965,199,63,45,15,17,125,92,19,22,34,28,18,26,6,9,21,36,12,14,125,91,31,23,69,35,99,59,30,26,86,48,18,14,107,60,11,15,8,12,43,36,6,10,7,11,12,19
1500000US010890113012,Block Group 2; Census Tract 113.01; Madison County; Alabama,1922,228,906,131,91,40,33,25,41,27,98,62,13,12,0,13,18,21,11,15,103,47,42,21,16,15,113,61,116,54,17,25,38,26,42,39,10,17,0,13,8,13,34,26,7,12,0,13,55,42,1016,161,59,31,102,65,161,95,76,63,20,22,6,9,0,13,54,35,71,40,79,37,101,49,55,28,51,32,32,29,11,13,28,28,5,8,17,20,10,12,7,8,44,53,11,17,16,24
1500000US010890113021,Block Group 1; Census Tract 113.02; Madison County; Alabama,1524,397,682,182,0,13,53,58,0,13,0,13,13,22,6,11,0,13,20,36,20,36,37,53,57,52,32,36,75,70,6,12,140,75,42,49,68,55,40,36,25,27,11,19,13,20,0,13,24,28,842,252,7,14,14,24,43,43,32,40,23,38,0,13,0,13,27,33,0,13,10,16,10,17,25,35,54,46,38,46,131,70,20,31,28,32,284,198,13,21,35,34,0,13,48,39,0,13
1500000US010890113022,Block Group 2; Census Tract 113.02; Madison County; Alabama,1687,758,957,442,73,75,62,80,68,79,127,154,48,68,0,13,0,13,0,13,73,78,93,75,20,19,0,13,99,130,101,74,22,23,0,13,49,51,14,23,25,28,23,28,4,6,56,69,0,13,730,362,18,29,6,10,158,199,18,28,1,4,0,13,22,30,0,13,6,10,82,74,40,37,121,162,14,21,98,77,52,45,26,44,8,13,0,13,4,6,12,19,33,32,0,13,11,17
1500000US010890113023,Block Group 3; Census Tract 113.02; Madison County; Alabama,2031,482,1125,336,11,18,225,125,101,90,25,40,34,56,41,49,0,13,0,13,56,47,45,47,134,89,81,63,50,45,82,54,103,72,0,13,31,37,12,20,42,47,28,29,12,19,12,19,0,13,906,210,40,43,163,90,78,60,23,36,0,13,0,13,0,13,10,19,5,8,127,81,71,55,123,61,27,30,54,50,86,62,29,34,0,13,12,20,16,20,24,28,18,26,0,13,0,13
1500000US010890114001,Block Group 1; Census Tract 114; Madison County; Alabama,615,238,325,150,14,16,45,57,35,44,0,13,0,13,0,13,0,13,0,13,0,13,36,31,28,32,24,28,41,33,0,13,0,13,8,12,27,32,13,16,0,13,35,44,8,12,11,17,0,13,290,108,0,13,16,22,35,34,0,13,0,13,0,13,0,13,0,13,23,24,2,5,27,31,56,67,41,46,0,13,16,18,32,32,0,13,0,13,0,13,21,22,13,15,0,13,8,13
1500000US010890114002,Block Group 2; Census Tract 114; Madison County; Alabama,581,254,302,142,7,12,23,27,31,44,39,36,0,13,0,13,12,19,12,19,0,13,7,13,45,48,0,13,2,9,45,45,45,34,0,13,6,9,0,13,0,13,16,19,6,10,0,13,6,12,279,126,13,21,5,8,53,46,0,13,0,13,0,13,0,13,0,13,9,14,34,40,0,13,14,21,19,23,39,35,15,14,0,13,31,27,21,26,7,11,2,8,5,10,0,13,12,22
1500000US010890114003,Block Group 3; Census Tract 114; Madison County; Alabama,1109,322,511,175,26,26,28,31,52,73,36,46,6,9,0,13,0,13,9,16,33,38,6,9,34,54,23,39,11,18,19,23,24,21,22,35,47,35,39,35,31,45,30,25,0,13,35,46,0,13,598,186,20,30,43,40,73,75,2,5,0,13,0,13,6,10,11,18,54,45,86,62,0,13,25,36,4,10,27,25,30,26,58,42,19,21,13,15,0,13,29,42,47,49,12,13,39,37
1500000US010890114004,Block Group 4; Census Tract 114; Madison County; Alabama,1754,627,898,369,71,59,214,220,30,33,35,41,0,13,0,13,0,13,21,25,31,35,67,53,189,181,43,40,26,23,56,39,30,23,15,18,10,14,18,21,25,32,4,6,6,10,0,13,7,12,856,294,52,61,43,42,182,172,26,29,5,8,2,4,0,13,34,38,35,35,212,143,14,21,53,56,57,49,29,31,28,31,7,11,31,35,21,22,5,7,9,11,11,11,0,13,0,13
