GEO_ID,NAME,Less than 5 minutes,Less than 5 minutes_MOE,5 to 9 minutes,5 to 9 minutes_MOE,10 to 14 minutes,10 to 14 minutes_MOE,15 to 19 minutes,15 to 19 minutes_MOE,20 to 24 minutes,20 to 24 minutes_MOE,25 to 29 minutes,25 to 29 minutes_MOE,30 to 34 minutes,30 to 34 minutes_MOE,35 to 39 minutes,35 to 39 minutes_MOE,40 to 44 minutes,40 to 44 minutes_MOE,45 to 59 minutes,45 to 59 minutes_MOE,60 to 89 minutes,60 to 89 minutes_MOE,90 or more minutes,90 or more minutes_MOE
1500000US010890002031,Block Group 1; Census Tract 2.03; Madison County; Alabama,18,22,8,32,43,40,114,156,55,61,17,21,105,76,0,13,0,13,8,13,0,13,0,13
1500000US010890002032,Block Group 2; Census Tract 2.03; Madison County; Alabama,138,109,257,148,239,117,231,146,22,34,128,130,112,81,0,13,0,13,0,13,10,24,0,13
1500000US010890002033,Block Group 3; Census Tract 2.03; Madison County; Alabama,0,13,86,60,100,63,126,84,66,54,2,4,91,73,0,13,0,13,14,18,15,24,0,13
1500000US010890003011,Block Group 1; Census Tract 3.01; Madison County; Alabama,0,13,15,21,89,70,102,82,74,63,24,29,13,20,13,20,0,13,19,30,0,13,0,13
1500000US010890003012,Block Group 2; Census Tract 3.01; Madison County; Alabama,0,13,19,25,91,80,126,77,81,70,11,18,104,105,0,13,15,23,0,13,0,13,0,13
1500000US010890003013,Block Group 3; Census Tract 3.01; Madison County; Alabama,14,22,78,96,53,59,191,116,185,113,0,13,17,27,0,13,0,13,36,50,0,13,0,13
1500000US010890003021,Block Group 1; Census Tract 3.02; Madison County; Alabama,0,13,13,20,164,121,173,108,256,123,73,80,230,265,0,13,0,13,36,44,0,13,0,13
1500000US010890003022,Block Group 2; Census Tract 3.02; Madison County; Alabama,3,5,55,52,0,13,96,78,24,25,0,13,55,62,33,55,0,13,47,40,0,13,0,13
1500000US010890004031,Block Group 1; Census Tract 4.03; Madison County; Alabama,0,13,76,77,142,99,206,109,330,217,53,42,100,96,0,13,0,13,70,101,18,26,27,61
1500000US010890004032,Block Group 2; Census Tract 4.03; Madison County; Alabama,12,22,0,13,93,84,13,20,17,29,0,13,138,123,0,13,0,13,0,13,0,13,0,13
1500000US010890004033,Block Group 3; Census Tract 4.03; Madison County; Alabama,0,13,19,24,220,120,232,107,156,85,218,174,77,55,22,34,7,12,0,13,0,13,22,36
1500000US010890005011,Block Group 1; Census Tract 5.01; Madison County; Alabama,0,13,47,29,51,39,119,78,56,33,8,10,38,26,0,13,0,13,18,20,0,13,19,21
1500000US010890005012,Block Group 2; Census Tract 5.01; Madison County; Alabama,0,13,42,54,81,73,88,60,65,48,84,112,82,60,0,13,0,13,48,53,0,13,10,14
1500000US010890005021,Block Group 1; Census Tract 5.02; Madison County; Alabama,0,13,3,7,23,28,55,35,50,47,22,28,20,18,25,41,5,9,17,18,21,23,6,9
1500000US010890005022,Block Group 2; Census Tract 5.02; Madison County; Alabama,0,13,13,12,146,89,36,26,246,217,4,6,85,76,0,13,0,13,0,13,0,13,0,13
1500000US010890005031,Block Group 1; Census Tract 5.03; Madison County; Alabama,0,13,35,34,50,48,109,64,59,39,6,14,6,9,8,13,7,12,0,13,0,13,0,13
1500000US010890005032,Block Group 2; Census Tract 5.03; Madison County; Alabama,0,13,99,58,102,66,220,168,16,17,66,95,25,29,10,11,0,13,0,13,0,13,0,13
1500000US010890006011,Block Group 1; Census Tract 6.01; Madison County; Alabama,0,13,9,14,182,98,163,128,27,38,0,13,30,43,30,69,9,14,0,13,8,12,0,13
1500000US010890006012,Block Group 2; Census Tract 6.01; Madison County; Alabama,0,13,114,43,36,33,105,80,23,31,122,62,0,13,6,12,0,13,0,13,17,27,0,13
1500000US010890006021,Block Group 1; Census Tract 6.02; Madison County; Alabama,12,19,32,24,145,84,307,279,97,75,12,15,29,33,4,9,0,13,0,13,5,7,0,13
1500000US010890006022,Block Group 2; Census Tract 6.02; Madison County; Alabama,0,13,103,78,70,48,134,80,82,55,32,35,37,40,0,13,0,13,0,13,10,16,0,13
1500000US010890007011,Block Group 1; Census Tract 7.01; Madison County; Alabama,145,116,53,66,2,4,23,27,61,65,0,13,137,125,0,13,0,13,17,31,32,44,0,13
1500000US010890007012,Block Group 2; Census Tract 7.01; Madison County; Alabama,0,13,38,52,0,13,96,69,98,71,0,13,0,13,0,13,0,13,0,13,0,13,0,13
1500000US010890007013,Block Group 3; Census Tract 7.01; Madison County; Alabama,39,64,77,76,77,73,186,90,30,41,105,97,45,54,0,13,0,13,0,13,13,23,0,13
1500000US010890007021,Block Group 1; Census Tract 7.02; Madison County; Alabama,0,13,86,76,155,111,202,124,114,73,60,71,53,49,0,13,0,13,0,13,34,43,0,13
1500000US010890007022,Block Group 2; Census Tract 7.02; Madison County; Alabama,0,13,143,95,227,209,39,52,103,141,0,13,0,13,0,13,24,39,0,13,0,13,0,13
1500000US010890009011,Block Group 1; Census Tract 9.01; Madison County; Alabama,0,13,23,36,85,94,168,146,54,68,43,66,14,24,0,13,0,13,0,13,0,13,6,14
1500000US010890009012,Block Group 2; Census Tract 9.01; Madison County; Alabama,0,13,25,32,79,72,133,108,32,38,0,13,21,38,0,13,19,35,0,13,0,13,0,13
1500000US010890009013,Block Group 3; Census Tract 9.01; Madison County; Alabama,0,13,163,177,45,56,178,136,40,38,0,13,14,24,0,13,0,13,0,13,0,13,0,13
1500000US010890009014,Block Group 4; Census Tract 9.01; Madison County; Alabama,0,13,0,13,24,31,69,101,106,87,0,13,110,85,8,13,7,13,75,89,0,13,0,13
1500000US010890009021,Block Group 1; Census Tract 9.02; Madison County; Alabama,30,33,62,45,427,283,116,58,166,76,72,80,224,212,0,13,8,14,20,23,0,13,0,13
1500000US010890009022,Block Group 2; Census Tract 9.02; Madison County; Alabama,0,13,59,53,53,41,109,75,42,30,82,48,14,16,16,17,0,13,0,13,0,13,15,22
1500000US010890010001,Block Group 1; Census Tract 10; Madison County; Alabama,46,48,178,87,154,81,211,98,159,103,13,21,21,26,14,23,0,13,40,37,0,13,0,13
1500000US010890010002,Block Group 2; Census Tract 10; Madison County; Alabama,12,19,156,90,192,88,279,157,95,62,45,50,33,29,0,13,0,13,25,27,0,13,0,13
1500000US010890012001,Block Group 1; Census Tract 12; Madison County; Alabama,18,27,29,46,150,99,154,75,28,35,62,54,0,13,0,13,0,13,0,13,0,13,0,13
1500000US010890012002,Block Group 2; Census Tract 12; Madison County; Alabama,0,13,0,13,77,92,20,32,0,13,34,54,0,13,0,13,0,13,4,7,0,13,0,13
1500000US010890012003,Block Group 3; Census Tract 12; Madison County; Alabama,26,39,52,64,52,82,150,145,157,123,72,75,0,13,0,13,14,31,66,101,0,13,0,13
1500000US010890013011,Block Group 1; Census Tract 13.01; Madison County; Alabama,64,87,37,40,162,87,213,115,92,69,14,21,0,13,0,13,0,13,38,45,0,13,0,13
1500000US010890013012,Block Group 2; Census Tract 13.01; Madison County; Alabama,30,38,146,163,137,138,293,218,71,76,55,76,65,55,7,17,16,27,0,13,0,13,0,13
1500000US010890013013,Block Group 3; Census Tract 13.01; Madison County; Alabama,0,13,25,39,195,155,17,27,42,40,58,94,0,13,0,13,0,13,0,13,0,13,0,13
1500000US010890013021,Block Group 1; Census Tract 13.02; Madison County; Alabama,0,13,184,108,297,109,463,162,148,75,99,65,77,59,0,13,0,13,35,49,0,13,11,17
1500000US010890014011,Block Group 1; Census Tract 14.01; Madison County; Alabama,145,108,219,115,161,72,195,68,301,116,37,24,107,64,4,9,17,22,88,102,5,8,0,13
1500000US010890014031,Block Group 1; Census Tract 14.03; Madison County; Alabama,169,162,190,192,279,180,291,169,116,111,55,56,69,70,0,13,0,13,0,13,50,72,0,13
1500000US010890014032,Block Group 2; Census Tract 14.03; Madison County; Alabama,52,58,80,69,125,95,66,59,84,62,41,59,69,64,0,13,0,13,0,13,0,13,0,13
1500000US010890014041,Block Group 1; Census Tract 14.04; Madison County; Alabama,0,13,146,161,136,172,99,84,143,128,13,17,15,24,0,13,0,13,140,121,9,15,3,7
1500000US010890014042,Block Group 2; Census Tract 14.04; Madison County; Alabama,0,13,169,148,114,90,347,237,18,28,0,13,19,32,0,13,26,45,0,13,0,13,0,13
1500000US010890014043,Block Group 3; Census Tract 14.04; Madison County; Alabama,32,42,15,19,31,36,391,258,26,35,0,13,0,13,16,27,0,13,0,13,0,13,0,13
1500000US010890015001,Block Group 1; Census Tract 15; Madison County; Alabama,72,100,252,276,113,67,373,263,79,63,0,13,74,88,0,13,0,13,61,84,0,13,0,13
1500000US010890015002,Block Group 2; Census Tract 15; Madison County; Alabama,20,39,70,58,183,113,97,89,31,33,38,41,27,33,11,19,0,13,4,8,0,13,0,13
1500000US010890015003,Block Group 3; Census Tract 15; Madison County; Alabama,32,44,142,114,271,191,100,67,27,28,8,14,10,16,9,15,0,13,31,43,30,52,0,13
1500000US010890015004,Block Group 4; Census Tract 15; Madison County; Alabama,48,50,76,69,19,25,101,103,193,280,0,13,53,54,0,13,0,13,0,13,0,13,11,17
1500000US010890017001,Block Group 1; Census Tract 17; Madison County; Alabama,25,40,94,54,33,26,68,46,52,29,8,11,0,13,0,13,5,8,0,13,0,13,0,13
1500000US010890017002,Block Group 2; Census Tract 17; Madison County; Alabama,6,10,126,48,53,34,122,64,91,55,22,23,13,14,0,13,0,13,0,13,7,10,7,11
1500000US010890018011,Block Group 1; Census Tract 18.01; Madison County; Alabama,49,47,156,94,118,61,133,75,198,77,9,15,74,50,0,13,0,13,0,13,0,13,24,38
1500000US010890018012,Block Group 2; Census Tract 18.01; Madison County; Alabama,8,14,160,118,126,105,39,38,61,41,8,12,68,49,0,13,17,28,0,13,0,13,9,14
1500000US010890018013,Block Group 3; Census Tract 18.01; Madison County; Alabama,31,36,0,13,72,58,24,23,115,87,15,17,27,21,0,13,0,13,0,13,13,20,0,13
1500000US010890019011,Block Group 1; Census Tract 19.01; Madison County; Alabama,1,4,60,48,114,134,143,85,41,44,7,11,49,53,59,55,0,13,0,13,8,13,0,13
1500000US010890019012,Block Group 2; Census Tract 19.01; Madison County; Alabama,0,13,79,68,114,79,83,37,55,41,17,27,26,24,0,13,0,13,21,34,0,13,0,13
1500000US010890019013,Block Group 3; Census Tract 19.01; Madison County; Alabama,9,15,72,51,158,79,121,64,98,57,29,32,0,13,7,10,0,13,0,13,0,13,0,13
1500000US010890019021,Block Group 1; Census Tract 19.02; Madison County; Alabama,28,26,98,50,138,58,192,72,106,58,55,45,107,57,0,13,0,13,13,21,9,14,4,10
1500000US010890019031,Block Group 1; Census Tract 19.03; Madison County; Alabama,14,15,117,49,335,86,131,44,140,45,36,26,21,19,4,6,0,13,20,19,4,7,0,13
1500000US010890020001,Block Group 1; Census Tract 20; Madison County; Alabama,88,101,18,21,97,60,67,46,21,24,0,13,10,16,0,13,39,47,10,17,0,13,0,13
1500000US010890020002,Block Group 2; Census Tract 20; Madison County; Alabama,9,13,166,76,213,156,270,155,32,32,19,24,71,52,0,13,0,13,0,13,0,13,0,13
1500000US010890021001,Block Group 1; Census Tract 21; Madison County; Alabama,0,13,22,29,26,39,0,13,24,36,0,13,0,13,0,13,0,13,0,13,0,13,0,13
1500000US010890021002,Block Group 2; Census Tract 21; Madison County; Alabama,8,12,239,288,21,24,20,24,121,169,32,40,53,82,18,32,0,13,0,13,23,36,0,13
1500000US010890021003,Block Group 3; Census Tract 21; Madison County; Alabama,0,13,0,13,87,94,95,63,68,50,32,49,17,23,0,13,0,13,19,33,0,13,0,13
1500000US010890022001,Block Group 1; Census Tract 22; Madison County; Alabama,0,13,136,95,80,51,46,50,94,69,99,83,81,57,0,13,0,13,5,7,0,13,0,13
1500000US010890022002,Block Group 2; Census Tract 22; Madison County; Alabama,0,13,20,26,16,19,40,37,25,36,0,13,87,73,0,13,0,13,10,15,29,32,0,13
1500000US010890023001,Block Group 1; Census Tract 23; Madison County; Alabama,0,13,17,30,155,135,12,21,29,56,0,13,78,71,0,13,59,98,0,13,0,13,0,13
1500000US010890023002,Block Group 2; Census Tract 23; Madison County; Alabama,0,13,175,90,159,140,228,252,27,47,54,63,0,13,0,13,9,15,0,13,0,13,0,13
1500000US010890023003,Block Group 3; Census Tract 23; Madison County; Alabama,0,13,18,29,0,13,68,58,42,41,53,57,59,62,0,13,0,13,0,13,66,100,0,13
1500000US010890023004,Block Group 4; Census Tract 23; Madison County; Alabama,14,23,85,81,228,202,205,181,102,135,18,33,60,64,0,13,0,13,0,13,80,81,0,13
1500000US010890024001,Block Group 1; Census Tract 24; Madison County; Alabama,1,4,7,11,1,2,95,169,60,99,45,74,85,99,0,13,0,13,65,103,0,13,0,13
1500000US010890024002,Block Group 2; Census Tract 24; Madison County; Alabama,0,13,127,101,79,80,21,30,48,52,0,13,40,57,0,13,0,13,0,13,78,118,0,13
1500000US010890024003,Block Group 3; Census Tract 24; Madison County; Alabama,77,123,2,4,28,37,43,62,120,202,32,42,0,13,0,13,0,13,0,13,0,13,0,13
1500000US010890024004,Block Group 4; Census Tract 24; Madison County; Alabama,0,13,124,124,136,112,260,303,40,91,0,13,56,63,0,13,0,13,0,13,23,39,18,33
1500000US010890025011,Block Group 1; Census Tract 25.01; Madison County; Alabama,0,13,141,94,167,154,112,87,56,52,0,13,87,88,0,13,0,13,0,13,0,13,0,13
1500000US010890025012,Block Group 2; Census Tract 25.01; Madison County; Alabama,0,13,12,14,35,60,164,112,13,20,19,29,0,13,0,13,0,13,0,13,0,13,21,33
1500000US010890025013,Block Group 3; Census Tract 25.01; Madison County; Alabama,17,27,0,13,171,195,55,59,38,44,58,90,0,13,19,31,0,13,119,104,0,13,23,32
1500000US010890025021,Block Group 1; Census Tract 25.02; Madison County; Alabama,0,13,0,13,5,25,82,86,89,109,21,44,59,59,0,13,0,13,0,13,0,13,0,13
1500000US010890025022,Block Group 2; Census Tract 25.02; Madison County; Alabama,37,62,172,148,68,47,101,83,206,169,72,74,0,13,0,13,0,13,49,79,0,13,0,13
1500000US010890025023,Block Group 3; Census Tract 25.02; Madison County; Alabama,21,47,193,162,159,108,93,98,66,58,147,110,65,67,0,13,0,13,22,35,0,13,0,13
1500000US010890026001,Block Group 1; Census Tract 26; Madison County; Alabama,13,21,43,48,131,96,78,60,222,231,35,33,50,43,0,13,0,13,0,13,0,13,0,13
1500000US010890026002,Block Group 2; Census Tract 26; Madison County; Alabama,52,63,63,57,43,42,117,103,51,56,16,29,32,39,0,13,0,13,0,13,0,13,0,13
1500000US010890026003,Block Group 3; Census Tract 26; Madison County; Alabama,147,191,62,53,182,102,314,286,88,54,58,68,12,21,12,20,0,13,14,24,0,13,37,58
1500000US010890027011,Block Group 1; Census Tract 27.01; Madison County; Alabama,59,48,27,25,57,43,67,55,95,46,72,51,32,29,6,9,10,16,0,13,0,13,0,13
1500000US010890027012,Block Group 2; Census Tract 27.01; Madison County; Alabama,0,13,187,111,147,74,58,56,110,69,64,50,31,27,0,13,0,13,11,18,0,13,0,13
1500000US010890027211,Block Group 1; Census Tract 27.21; Madison County; Alabama,0,13,93,50,145,68,117,54,175,75,30,24,74,59,0,13,6,10,20,29,0,13,6,10
1500000US010890027212,Block Group 2; Census Tract 27.21; Madison County; Alabama,0,13,132,71,265,103,265,98,160,86,41,47,36,42,39,40,19,29,12,18,22,35,17,25
1500000US010890027221,Block Group 1; Census Tract 27.22; Madison County; Alabama,18,20,15,17,146,97,92,55,90,44,25,26,22,27,0,13,0,13,0,13,0,13,0,13
1500000US010890027222,Block Group 2; Census Tract 27.22; Madison County; Alabama,39,38,65,54,58,40,145,66,189,70,67,51,74,58,42,69,0,13,0,13,24,36,22,25
1500000US010890028011,Block Group 1; Census Tract 28.01; Madison County; Alabama,0,13,69,61,75,53,231,110,237,240,37,59,22,38,20,28,0,13,0,13,0,13,0,13
1500000US010890028012,Block Group 2; Census Tract 28.01; Madison County; Alabama,15,24,67,57,205,167,179,125,267,186,79,64,17,26,18,29,0,13,0,13,0,13,2,6
1500000US010890028013,Block Group 3; Census Tract 28.01; Madison County; Alabama,0,13,214,157,82,81,281,307,205,101,0,13,8,14,0,13,16,26,0,13,13,22,0,13
1500000US010890028031,Block Group 1; Census Tract 28.03; Madison County; Alabama,0,13,12,20,38,46,162,114,175,114,122,100,59,49,31,37,10,19,19,28,0,13,19,32
1500000US010890028032,Block Group 2; Census Tract 28.03; Madison County; Alabama,49,75,89,75,85,66,253,121,150,88,99,69,201,115,87,75,62,78,0,13,107,108,19,34
1500000US010890028041,Block Group 1; Census Tract 28.04; Madison County; Alabama,0,13,19,31,47,63,99,70,71,65,45,55,40,47,0,13,0,13,57,66,0,13,0,13
1500000US010890028042,Block Group 2; Census Tract 28.04; Madison County; Alabama,0,13,106,72,60,57,228,148,222,144,174,74,125,104,38,45,13,22,57,91,6,12,19,35
1500000US010890029111,Block Group 1; Census Tract 29.11; Madison County; Alabama,27,29,22,27,33,28,227,95,324,117,46,36,149,116,10,17,0,13,0,13,4,8,0,13
1500000US010890029112,Block Group 2; Census Tract 29.11; Madison County; Alabama,0,13,14,20,32,31,126,107,99,63,59,49,116,141,12,21,11,19,10,16,0,13,0,13
1500000US010890029113,Block Group 3; Census Tract 29.11; Madison County; Alabama,0,13,23,23,220,204,94,52,61,46,73,49,66,51,0,13,0,13,0,13,12,19,26,25
1500000US010890029121,Block Group 1; Census Tract 29.12; Madison County; Alabama,8,10,0,13,53,36,86,42,140,72,35,26,87,44,12,17,8,12,23,24,0,13,4,7
1500000US010890029122,Block Group 2; Census Tract 29.12; Madison County; Alabama,15,24,57,49,40,23,83,40,139,70,22,23,48,34,10,14,0,13,0,13,0,13,9,10
1500000US010890029221,Block Group 1; Census Tract 29.22; Madison County; Alabama,0,13,114,125,106,131,70,40,71,52,42,33,99,58,4,8,0,13,11,18,0,13,0,13
1500000US010890029222,Block Group 2; Census Tract 29.22; Madison County; Alabama,0,13,62,47,111,64,134,65,182,112,110,61,142,112,0,13,32,27,59,58,0,13,0,13
1500000US010890029223,Block Group 3; Census Tract 29.22; Madison County; Alabama,0,13,9,16,55,48,57,39,182,60,17,19,22,26,0,13,0,13,10,17,31,46,0,13
1500000US010890029231,Block Group 1; Census Tract 29.23; Madison County; Alabama,0,13,52,63,64,68,74,74,169,102,12,20,29,33,21,33,0,13,12,20,38,36,0,13
1500000US010890029232,Block Group 2; Census Tract 29.23; Madison County; Alabama,0,13,0,13,51,60,115,99,134,98,41,40,55,45,19,30,0,13,11,21,0,13,0,13
1500000US010890029233,Block Group 3; Census Tract 29.23; Madison County; Alabama,0,13,49,45,103,90,103,73,0,13,14,22,63,59,0,13,0,13,0,13,0,13,0,13
1500000US010890029241,Block Group 1; Census Tract 29.24; Madison County; Alabama,0,13,0,13,61,38,81,63,52,59,58,62,15,25,0,13,0,13,0,13,0,13,0,13
1500000US010890029242,Block Group 2; Census Tract 29.24; Madison County; Alabama,0,13,119,94,99,70,298,251,228,118,82,59,63,47,30,33,9,17,0,13,27,30,0,13
1500000US010890030001,Block Group 1; Census Tract 30; Madison County; Alabama,19,33,51,43,40,50,31,35,55,44,33,55,0,13,13,24,0,13,48,60,0,13,0,13
1500000US010890030002,Block Group 2; Census Tract 30; Madison County; Alabama,0,13,16,22,195,135,251,185,136,140,37,65,37,35,0,13,0,13,14,21,0,13,0,13
1500000US010890031001,Block Group 1; Census Tract 31; Madison County; Alabama,13,22,22,22,124,109,135,62,44,31,8,11,34,33,0,13,0,13,13,14,22,33,14,23
1500000US010890031002,Block Group 2; Census Tract 31; Madison County; Alabama,17,24,36,42,60,40,64,45,5,8,0,13,16,24,0,13,31,45,16,23,0,13,0,13
1500000US010890031003,Block Group 3; Census Tract 31; Madison County; Alabama,64,53,132,84,15,18,75,72,94,68,7,11,7,11,0,13,0,13,13,21,0,13,0,13
1500000US010890101011,Block Group 1; Census Tract 101.01; Madison County; Alabama,24,33,70,107,60,56,181,143,70,82,80,73,200,108,57,48,55,44,284,155,0,13,0,13
1500000US010890101012,Block Group 2; Census Tract 101.01; Madison County; Alabama,36,58,0,13,18,28,21,35,97,90,16,27,130,84,13,21,37,50,48,62,0,13,0,13
1500000US010890101013,Block Group 3; Census Tract 101.01; Madison County; Alabama,0,13,53,80,19,23,0,13,99,89,20,31,65,78,0,13,242,256,12,19,101,103,11,19
1500000US010890101021,Block Group 1; Census Tract 101.02; Madison County; Alabama,0,13,46,48,40,41,21,39,90,83,225,202,277,138,126,80,61,56,40,75,38,61,87,79
1500000US010890101022,Block Group 2; Census Tract 101.02; Madison County; Alabama,0,13,30,50,104,77,119,87,19,30,332,188,473,249,75,78,104,85,135,167,92,60,0,13
1500000US010890102001,Block Group 1; Census Tract 102; Madison County; Alabama,27,32,30,36,125,110,38,42,75,58,173,119,461,394,61,70,2,5,21,30,0,13,0,13
1500000US010890102002,Block Group 2; Census Tract 102; Madison County; Alabama,0,13,65,51,38,44,121,89,251,184,327,166,380,137,13,23,31,40,53,39,0,13,0,13
1500000US010890102003,Block Group 3; Census Tract 102; Madison County; Alabama,0,13,0,13,106,85,98,132,55,53,44,40,198,165,40,54,54,61,41,63,0,13,0,13
1500000US010890103021,Block Group 1; Census Tract 103.02; Madison County; Alabama,9,15,43,51,69,66,61,44,50,49,62,67,115,80,153,124,95,77,147,80,63,51,55,80
1500000US010890103022,Block Group 2; Census Tract 103.02; Madison County; Alabama,15,17,105,132,0,13,75,80,124,94,80,70,233,132,116,73,80,56,184,104,23,26,21,23
1500000US010890103031,Block Group 1; Census Tract 103.03; Madison County; Alabama,8,13,85,106,38,55,34,50,28,33,46,61,373,220,74,75,101,74,86,70,0,13,0,13
1500000US010890103032,Block Group 2; Census Tract 103.03; Madison County; Alabama,16,26,51,75,35,57,0,13,124,77,20,23,285,148,36,34,25,28,342,269,17,21,11,18
1500000US010890103041,Block Group 1; Census Tract 103.04; Madison County; Alabama,14,23,0,13,0,13,26,41,0,13,0,13,233,158,0,13,39,45,20,25,0,13,0,13
1500000US010890103042,Block Group 2; Census Tract 103.04; Madison County; Alabama,0,13,35,44,0,13,69,54,84,71,70,68,87,73,0,13,0,13,19,33,61,78,18,28
1500000US010890103043,Block Group 3; Census Tract 103.04; Madison County; Alabama,0,13,15,26,21,33,37,44,0,13,23,39,347,174,32,56,38,41,91,67,0,13,0,13
1500000US010890103044,Block Group 4; Census Tract 103.04; Madison County; Alabama,0,13,86,81,57,69,20,31,165,132,59,72,195,112,136,114,22,35,0,13,0,13,83,132
1500000US010890104031,Block Group 1; Census Tract 104.03; Madison County; Alabama,0,13,0,13,0,13,75,60,39,49,52,72,246,123,26,31,0,13,169,202,11,17,0,13
1500000US010890104032,Block Group 2; Census Tract 104.03; Madison County; Alabama,0,13,62,76,31,35,40,37,147,111,129,93,131,90,45,39,46,41,86,50,18,28,0,13
1500000US010890104041,Block Group 1; Census Tract 104.04; Madison County; Alabama,64,81,30,39,16,28,129,112,15,26,110,122,120,108,119,169,25,37,82,77,27,44,23,39
1500000US010890104042,Block Group 2; Census Tract 104.04; Madison County; Alabama,51,78,58,98,0,13,0,13,65,45,69,43,19,39,0,13,62,60,127,112,40,65,9,17
1500000US010890104051,Block Group 1; Census Tract 104.05; Madison County; Alabama,0,13,0,13,0,13,24,42,329,209,43,54,105,64,0,13,18,33,43,42,0,13,42,51
1500000US010890104052,Block Group 2; Census Tract 104.05; Madison County; Alabama,9,14,0,13,115,180,0,13,81,64,51,53,381,200,57,73,98,108,54,67,9,14,0,13
1500000US010890104061,Block Group 1; Census Tract 104.06; Madison County; Alabama,0,13,28,39,13,22,24,41,13,23,41,42,61,59,59,54,64,75,50,54,0,13,0,13
1500000US010890104062,Block Group 2; Census Tract 104.06; Madison County; Alabama,0,13,13,24,26,40,80,122,213,151,167,155,200,130,97,82,0,13,16,27,0,13,0,13
1500000US010890105021,Block Group 1; Census Tract 105.02; Madison County; Alabama,0,13,96,77,86,65,179,95,827,897,90,50,415,198,18,20,35,35,22,27,52,65,0,13
1500000US010890105022,Block Group 2; Census Tract 105.02; Madison County; Alabama,0,13,0,13,10,18,92,50,145,73,113,90,136,59,51,38,13,21,23,29,0,13,0,13
1500000US010890105031,Block Group 1; Census Tract 105.03; Madison County; Alabama,0,13,0,13,52,66,90,117,99,100,18,30,208,205,48,61,161,142,144,122,0,13,0,13
1500000US010890105032,Block Group 2; Census Tract 105.03; Madison County; Alabama,0,13,30,50,68,77,79,114,45,56,25,42,208,146,28,48,19,33,0,13,0,13,0,13
1500000US010890105033,Block Group 3; Census Tract 105.03; Madison County; Alabama,0,13,57,88,66,91,19,32,175,131,79,94,124,99,0,13,36,62,39,51,0,13,0,13
1500000US010890105034,Block Group 4; Census Tract 105.03; Madison County; Alabama,0,13,0,13,127,131,101,124,327,209,115,129,419,224,0,13,0,13,0,13,0,13,0,13
1500000US010890105041,Block Group 1; Census Tract 105.04; Madison County; Alabama,0,13,47,45,97,84,132,99,512,213,196,195,489,183,8,17,0,13,35,56,0,13,0,13
1500000US010890105042,Block Group 2; Census Tract 105.04; Madison County; Alabama,0,13,0,13,0,13,63,80,201,125,96,92,26,41,42,66,16,28,22,34,26,41,0,13
1500000US010890105043,Block Group 3; Census Tract 105.04; Madison County; Alabama,0,13,0,13,92,137,34,41,95,101,9,21,149,108,0,13,0,13,12,21,0,13,32,51
1500000US010890105044,Block Group 4; Census Tract 105.04; Madison County; Alabama,0,13,19,32,19,32,95,147,32,50,0,13,51,74,41,49,44,72,0,13,0,13,0,13
1500000US010890105045,Block Group 5; Census Tract 105.04; Madison County; Alabama,34,60,0,13,46,62,142,139,90,92,16,29,141,105,0,13,0,13,24,38,0,13,0,13
1500000US010890106121,Block Group 1; Census Tract 106.12; Madison County; Alabama,14,24,38,46,34,44,14,23,182,105,46,56,21,36,36,57,0,13,0,13,0,13,0,13
1500000US010890106122,Block Group 2; Census Tract 106.12; Madison County; Alabama,38,58,48,60,36,43,240,134,516,201,210,126,379,188,141,103,89,109,202,125,0,13,0,13
1500000US010890106123,Block Group 3; Census Tract 106.12; Madison County; Alabama,0,13,140,162,239,248,146,113,106,110,215,140,241,147,91,104,44,52,51,65,0,13,0,13
1500000US010890106231,Block Group 1; Census Tract 106.23; Madison County; Alabama,50,58,47,56,17,26,63,62,167,101,148,102,195,144,99,113,4,8,40,47,0,13,0,13
1500000US010890106232,Block Group 2; Census Tract 106.23; Madison County; Alabama,262,395,53,82,14,19,407,404,233,118,223,173,139,84,19,31,12,19,0,13,12,22,14,26
1500000US010890106233,Block Group 3; Census Tract 106.23; Madison County; Alabama,0,13,48,72,265,250,233,164,274,166,235,163,87,77,111,84,14,24,61,62,59,65,0,13
1500000US010890106251,Block Group 1; Census Tract 106.25; Madison County; Alabama,0,13,146,163,172,122,150,166,184,107,33,45,120,98,132,84,32,53,0,13,0,13,0,13
1500000US010890106252,Block Group 2; Census Tract 106.25; Madison County; Alabama,44,54,68,74,64,63,300,266,615,468,30,41,212,164,0,13,0,13,0,13,33,56,0,13
1500000US010890106253,Block Group 3; Census Tract 106.25; Madison County; Alabama,0,13,0,13,98,109,225,223,30,45,3,40,0,13,0,13,0,13,0,13,18,39,0,13
1500000US010890106261,Block Group 1; Census Tract 106.26; Madison County; Alabama,32,46,136,98,43,57,19,33,0,13,1,2,52,64,19,33,0,13,0,13,43,64,0,13
1500000US010890106262,Block Group 2; Census Tract 106.26; Madison County; Alabama,0,13,94,84,155,151,148,110,189,203,0,13,136,150,0,13,0,13,0,13,29,48,0,13
1500000US010890106263,Block Group 3; Census Tract 106.26; Madison County; Alabama,13,23,3,21,222,219,190,130,189,109,34,54,90,82,0,13,0,13,0,13,0,13,0,13
1500000US010890106271,Block Group 1; Census Tract 106.27; Madison County; Alabama,0,13,192,169,226,136,142,131,110,117,15,28,15,24,31,38,86,127,0,13,0,13,51,78
1500000US010890106272,Block Group 2; Census Tract 106.27; Madison County; Alabama,41,57,46,56,388,285,95,86,346,133,26,59,0,13,0,13,0,13,0,13,0,13,13,21
1500000US010890106273,Block Group 3; Census Tract 106.27; Madison County; Alabama,0,13,60,78,154,123,205,130,53,79,114,106,72,75,0,13,39,58,0,13,0,13,0,13
1500000US010890106281,Block Group 1; Census Tract 106.28; Madison County; Alabama,9,16,0,13,0,13,59,50,95,70,59,47,81,67,135,167,0,13,5,12,64,69,252,251
1500000US010890106282,Block Group 2; Census Tract 106.28; Madison County; Alabama,0,13,0,13,78,50,55,72,15,24,132,81,180,103,125,96,53,57,59,61,0,13,34,50
1500000US010890106291,Block Group 1; Census Tract 106.29; Madison County; Alabama,107,135,107,84,14,18,106,96,285,128,156,103,158,98,139,99,36,35,23,27,0,13,34,37
1500000US010890106292,Block Group 2; Census Tract 106.29; Madison County; Alabama,16,24,9,14,20,28,128,108,472,266,139,111,436,236,22,25,19,21,13,15,45,50,10,17
1500000US010890106301,Block Group 1; Census Tract 106.30; Madison County; Alabama,9,19,17,24,68,78,93,62,127,73,30,45,180,217,0,13,0,13,23,40,0,13,0,13
1500000US010890106302,Block Group 2; Census Tract 106.30; Madison County; Alabama,12,18,107,94,109,64,275,106,212,91,97,85,108,84,0,13,42,44,10,17,0,13,0,13
1500000US010890106311,Block Group 1; Census Tract 106.31; Madison County; Alabama,0,13,44,39,384,129,549,204,372,181,43,41,66,96,0,13,32,43,28,40,0,13,0,13
1500000US010890106312,Block Group 2; Census Tract 106.31; Madison County; Alabama,0,13,32,40,126,94,158,87,292,125,168,109,85,61,12,19,0,13,21,28,0,13,0,13
1500000US010890107031,Block Group 1; Census Tract 107.03; Madison County; Alabama,23,39,19,32,3,9,230,165,139,99,94,57,126,103,18,28,0,13,55,49,0,13,0,13
1500000US010890107032,Block Group 2; Census Tract 107.03; Madison County; Alabama,19,31,75,73,379,279,418,211,395,177,152,96,366,162,25,38,73,79,59,59,174,135,25,28
1500000US010890107041,Block Group 1; Census Tract 107.04; Madison County; Alabama,16,24,0,13,34,42,91,61,123,70,124,82,162,88,103,106,54,69,14,23,15,25,0,13
1500000US010890107042,Block Group 2; Census Tract 107.04; Madison County; Alabama,0,13,0,13,0,13,305,294,127,93,70,65,136,182,0,13,35,53,0,13,31,44,0,13
1500000US010890107043,Block Group 3; Census Tract 107.04; Madison County; Alabama,0,13,45,45,17,28,79,68,160,145,151,108,62,58,11,19,92,71,0,13,0,13,0,13
1500000US010890107051,Block Group 1; Census Tract 107.05; Madison County; Alabama,0,13,18,32,27,33,277,207,103,101,79,59,52,69,0,13,0,13,56,64,0,13,11,20
1500000US010890107052,Block Group 2; Census Tract 107.05; Madison County; Alabama,0,13,0,13,211,175,155,102,404,160,190,175,115,160,0,13,16,27,0,13,0,13,100,140
1500000US010890107061,Block Group 1; Census Tract 107.06; Madison County; Alabama,0,13,0,13,0,13,42,40,118,94,15,23,63,66,0,13,19,20,0,13,0,13,0,13
1500000US010890107062,Block Group 2; Census Tract 107.06; Madison County; Alabama,0,13,84,79,169,141,77,52,194,102,48,54,128,79,0,13,0,13,34,46,0,13,0,13
1500000US010890107063,Block Group 3; Census Tract 107.06; Madison County; Alabama,0,13,125,109,118,78,86,92,329,170,18,27,265,166,30,44,0,13,19,31,0,13,0,13
1500000US010890108011,Block Group 1; Census Tract 108.01; Madison County; Alabama,0,13,112,79,51,56,202,125,237,109,0,13,158,117,14,24,43,65,135,135,0,13,12,23
1500000US010890108012,Block Group 2; Census Tract 108.01; Madison County; Alabama,9,17,45,58,36,47,61,70,675,385,343,255,102,99,18,29,19,32,0,13,0,13,198,314
1500000US010890108013,Block Group 3; Census Tract 108.01; Madison County; Alabama,12,21,0,13,26,41,21,33,93,67,73,61,96,74,32,38,12,23,70,63,0,13,0,13
1500000US010890108021,Block Group 1; Census Tract 108.02; Madison County; Alabama,0,13,63,98,0,13,0,13,140,131,15,28,29,45,43,52,0,13,0,13,0,13,0,13
1500000US010890108022,Block Group 2; Census Tract 108.02; Madison County; Alabama,0,13,27,45,287,250,368,302,418,338,119,105,105,94,14,24,0,13,69,104,0,13,0,13
1500000US010890108023,Block Group 3; Census Tract 108.02; Madison County; Alabama,0,13,0,13,117,84,41,38,147,104,24,37,63,61,76,117,22,41,31,31,0,13,0,13
1500000US010890109021,Block Group 1; Census Tract 109.02; Madison County; Alabama,8,11,60,71,8,7,53,34,80,52,92,46,55,40,10,16,22,18,10,14,2,4,0,13
1500000US010890109022,Block Group 2; Census Tract 109.02; Madison County; Alabama,0,13,0,13,0,13,11,17,27,23,51,46,57,39,0,13,9,13,0,13,8,12,0,13
1500000US010890109023,Block Group 3; Census Tract 109.02; Madison County; Alabama,0,13,17,21,36,35,31,35,49,34,149,131,133,67,0,13,0,13,11,17,0,13,10,16
1500000US010890109031,Block Group 1; Census Tract 109.03; Madison County; Alabama,5,13,83,89,29,34,95,70,246,210,328,222,66,66,14,26,52,65,0,13,0,13,0,13
1500000US010890109032,Block Group 2; Census Tract 109.03; Madison County; Alabama,13,21,0,13,0,13,70,66,73,107,58,53,28,43,0,13,0,13,50,78,11,19,0,13
1500000US010890109033,Block Group 3; Census Tract 109.03; Madison County; Alabama,0,13,21,40,75,85,82,86,253,162,348,262,183,119,134,103,60,54,0,13,0,13,48,79
1500000US010890109041,Block Group 1; Census Tract 109.04; Madison County; Alabama,0,13,44,38,48,78,82,97,135,111,43,39,519,414,89,75,16,27,7,13,0,13,0,13
1500000US010890109042,Block Group 2; Census Tract 109.04; Madison County; Alabama,0,13,0,13,9,15,16,19,127,105,226,165,40,28,22,21,70,118,31,50,0,13,8,14
1500000US010890109051,Block Group 1; Census Tract 109.05; Madison County; Alabama,19,32,0,13,0,13,41,64,261,144,85,97,383,401,154,145,45,39,228,327,16,27,0,13
1500000US010890109052,Block Group 2; Census Tract 109.05; Madison County; Alabama,0,13,0,13,72,116,16,27,200,144,0,13,177,107,45,71,45,72,0,13,13,20,0,13
1500000US010890109053,Block Group 3; Census Tract 109.05; Madison County; Alabama,35,42,0,13,276,144,108,77,326,189,211,140,265,140,43,59,0,13,16,28,39,45,0,13
1500000US010890110121,Block Group 1; Census Tract 110.12; Madison County; Alabama,0,13,55,81,202,114,330,157,140,103,22,39,121,115,13,24,0,13,0,13,0,13,0,13
1500000US010890110122,Block Group 2; Census Tract 110.12; Madison County; Alabama,0,13,0,13,161,111,101,86,313,137,45,39,119,89,0,13,19,33,37,37,15,23,0,13
1500000US010890110123,Block Group 3; Census Tract 110.12; Madison County; Alabama,0,13,0,13,31,41,135,63,87,64,54,57,190,94,0,13,0,13,25,34,0,13,0,13
1500000US010890110131,Block Group 1; Census Tract 110.13; Madison County; Alabama,0,13,0,13,70,63,91,50,117,83,9,16,72,47,7,12,0,13,10,18,0,13,0,13
1500000US010890110132,Block Group 2; Census Tract 110.13; Madison County; Alabama,0,13,151,112,229,123,211,114,219,101,127,67,56,40,0,13,0,13,33,37,0,13,0,13
1500000US010890110133,Block Group 3; Census Tract 110.13; Madison County; Alabama,0,13,49,47,184,101,108,76,77,65,12,19,174,136,14,23,0,13,32,51,13,23,0,13
1500000US010890110211,Block Group 1; Census Tract 110.21; Madison County; Alabama,0,13,126,106,146,151,170,97,162,124,0,13,140,151,18,27,0,13,0,13,0,13,0,13
1500000US010890110212,Block Group 2; Census Tract 110.21; Madison County; Alabama,28,55,53,60,82,104,84,66,267,176,78,79,134,92,20,31,0,13,0,13,24,40,0,13
1500000US010890110213,Block Group 3; Census Tract 110.21; Madison County; Alabama,0,13,248,273,36,43,151,118,146,122,29,47,0,13,0,13,0,13,55,91,0,13,0,13
1500000US010890110231,Block Group 1; Census Tract 110.23; Madison County; Alabama,0,13,74,60,14,24,22,26,112,61,68,72,98,79,0,13,96,103,32,44,0,13,0,13
1500000US010890110232,Block Group 2; Census Tract 110.23; Madison County; Alabama,42,44,34,54,95,85,169,105,90,76,96,84,106,67,0,13,0,13,0,13,0,13,0,13
1500000US010890110233,Block Group 3; Census Tract 110.23; Madison County; Alabama,62,86,75,67,162,114,349,189,337,158,163,143,298,149,115,146,0,13,0,13,0,13,0,13
1500000US010890110241,Block Group 1; Census Tract 110.24; Madison County; Alabama,0,13,83,59,67,53,240,100,162,92,184,127,261,134,72,61,26,43,46,41,12,24,0,13
1500000US010890110242,Block Group 2; Census Tract 110.24; Madison County; Alabama,28,42,33,45,246,201,296,135,101,65,95,81,153,71,96,98,40,43,42,40,0,13,0,13
1500000US010890110251,Block Group 1; Census Tract 110.25; Madison County; Alabama,0,13,37,42,90,78,40,51,103,108,71,91,18,28,0,13,0,13,0,13,0,13,0,13
1500000US010890110252,Block Group 2; Census Tract 110.25; Madison County; Alabama,0,13,266,288,45,48,80,118,222,160,30,50,0,13,0,13,18,34,14,24,0,13,0,13
1500000US010890110253,Block Group 3; Census Tract 110.25; Madison County; Alabama,36,58,16,26,0,13,128,146,100,101,79,74,54,68,0,13,0,13,0,13,0,13,0,13
1500000US010890110254,Block Group 4; Census Tract 110.25; Madison County; Alabama,0,13,17,27,98,79,165,109,270,126,125,105,107,79,0,13,16,28,0,13,49,54,18,30
1500000US010890110261,Block Group 1; Census Tract 110.26; Madison County; Alabama,0,13,0,13,34,35,152,95,216,152,54,43,117,83,0,13,15,26,23,37,0,13,46,68
1500000US010890110262,Block Group 2; Census Tract 110.26; Madison County; Alabama,0,13,25,30,102,102,178,131,278,158,68,53,80,72,14,22,17,27,19,24,0,13,10,17
1500000US010890110271,Block Group 1; Census Tract 110.27; Madison County; Alabama,0,13,127,110,205,221,155,95,116,84,8,16,13,26,13,21,0,13,29,49,0,13,27,38
1500000US010890110272,Block Group 2; Census Tract 110.27; Madison County; Alabama,0,13,64,65,261,215,163,112,95,80,35,28,7,15,19,24,0,13,0,13,28,47,0,13
1500000US010890110281,Block Group 1; Census Tract 110.28; Madison County; Alabama,0,13,87,64,123,88,132,88,8,14,56,54,23,28,0,13,0,13,5,12,36,49,0,13
1500000US010890110282,Block Group 2; Census Tract 110.28; Madison County; Alabama,0,13,194,157,323,185,217,119,0,13,12,18,0,13,0,13,0,13,0,13,0,13,0,13
1500000US010890110283,Block Group 3; Census Tract 110.28; Madison County; Alabama,11,19,108,83,88,71,135,118,269,216,39,76,89,90,23,37,0,13,0,13,0,13,0,13
1500000US010890111001,Block Group 1; Census Tract 111; Madison County; Alabama,40,35,44,21,33,27,69,59,8,12,0,13,36,41,0,13,0,13,0,13,18,27,0,13
1500000US010890111002,Block Group 2; Census Tract 111; Madison County; Alabama,16,14,73,52,91,52,84,41,49,39,6,9,4,6,6,9,0,13,0,13,0,13,0,13
1500000US010890112011,Block Group 1; Census Tract 112.01; Madison County; Alabama,0,13,126,110,46,60,151,110,295,164,153,137,47,56,0,13,0,13,0,13,0,13,0,13
1500000US010890112012,Block Group 2; Census Tract 112.01; Madison County; Alabama,0,13,61,91,141,102,438,212,464,185,25,44,786,395,0,13,0,13,16,26,0,13,0,13
1500000US010890112021,Block Group 1; Census Tract 112.02; Madison County; Alabama,0,13,0,13,64,78,153,124,342,184,42,70,94,99,0,13,0,13,0,13,0,13,0,13
1500000US010890112022,Block Group 2; Census Tract 112.02; Madison County; Alabama,0,13,65,65,278,280,273,231,159,195,0,13,13,21,0,13,81,122,0,13,0,13,58,92
1500000US010890112023,Block Group 3; Census Tract 112.02; Madison County; Alabama,26,42,31,40,80,84,432,203,147,103,108,136,215,176,0,13,0,13,0,13,28,37,0,13
1500000US010890112031,Block Group 1; Census Tract 112.03; Madison County; Alabama,0,13,36,55,62,65,141,123,76,74,36,57,96,104,0,13,24,37,0,13,0,13,0,13
1500000US010890112032,Block Group 2; Census Tract 112.03; Madison County; Alabama,27,30,35,39,113,79,418,188,204,115,257,167,203,118,25,22,6,10,6,11,31,38,26,23
1500000US010890112033,Block Group 3; Census Tract 112.03; Madison County; Alabama,0,13,7,17,29,38,170,127,24,40,0,13,109,104,0,13,0,13,0,13,0,13,0,13
1500000US010890113011,Block Group 1; Census Tract 113.01; Madison County; Alabama,0,13,30,33,44,35,47,32,117,67,95,47,197,103,111,72,30,32,110,82,6,9,3,5
1500000US010890113012,Block Group 2; Census Tract 113.01; Madison County; Alabama,5,8,30,28,84,44,66,54,119,51,137,71,114,55,45,24,21,26,80,41,27,25,14,18
1500000US010890113021,Block Group 1; Census Tract 113.02; Madison County; Alabama,17,26,0,13,68,88,45,40,268,189,143,87,106,85,67,76,0,13,0,13,0,13,0,13
1500000US010890113022,Block Group 2; Census Tract 113.02; Madison County; Alabama,0,13,174,173,0,13,17,28,218,171,162,150,54,59,0,13,18,18,20,28,0,13,0,13
1500000US010890113023,Block Group 3; Census Tract 113.02; Madison County; Alabama,10,19,58,56,20,34,65,54,97,75,134,83,249,154,48,48,24,40,24,32,0,13,0,13
1500000US010890114001,Block Group 1; Census Tract 114; Madison County; Alabama,0,13,20,32,29,39,38,56,0,13,25,28,59,51,7,10,0,13,34,35,4,7,0,13
1500000US010890114002,Block Group 2; Census Tract 114; Madison County; Alabama,0,13,23,23,6,9,8,14,6,10,20,24,7,13,76,61,13,15,10,15,1,8,0,13
1500000US010890114003,Block Group 3; Census Tract 114; Madison County; Alabama,0,13,27,32,0,13,0,13,10,14,7,9,111,80,23,39,101,83,65,63,25,25,22,33
1500000US010890114004,Block Group 4; Census Tract 114; Madison County; Alabama,24,24,44,41,70,56,134,146,178,193,55,56,145,94,5,9,22,26,50,66,65,54,6,12
