GEO_ID,NAME,Male,Male_MOE,Male (9 and Under),Male (9 and Under)_MOE,Male (10-14),Male (10-14)_MOE,Male (15-17),Male (15-17)_MOE,Male (18-19),Male (18-19)_MOE,Male (20-29),Male (20-29)_MOE,Male (30-39),Male (30-39)_MOE,Male (40-49),Male (40-49)_MOE,Male (50-59),Male (50-59)_MOE,Male (60-64),Male (60-64)_MOE,Male (65+ years),Male (65+ years)_MOE,Female,Female_MOE,Female (9 and under),Female (9 and under)_MOE,Female (10-14),Female (10-14)_MOE,Female (15-17),Female (15-17)_MOE,Female (18-19),Female (18-19)_MOE,Female (20-29),Female (20-29)_MOE,Female (30-39),Female (30-39)_MOE,Female (40-49),Female (40-49)_MOE,Female (50-59),Female (50-59)_MOE,Female (60-64),Female (60-64)_MOE,Female (65+ years),Female (65+ years)_MOE
1500000US010890002031,Block Group 1; Census Tract 2.03; Madison County; Alabama,776,393,179,98.08159868,47,76,18,28,0,13,57,54.90901565,266,249.8159322,45,35.4682957,129,131.1030129,15,22.20360331,20,30.85449724,611,259,124,68.81860214,0,13,16,47,0,13,153,94.73119866,57,49.65883607,25,33.54101966,127,154.4020725,44,42.42640687,65,42.42640687
1500000US010890002032,Block Group 2; Census Tract 2.03; Madison County; Alabama,1604,610,0,18.38477631,31,45,16,25,839,361,660,260.0730667,24,31.144823,0,18.38477631,0,18.38477631,0,18.38477631,34,36.93237063,2077,626,10,20.61552813,16,25,0,13,1085,356,860,358.605633,25,29.15475947,31,45.88027899,0,18.38477631,28,33.61547263,22,31.0322413
1500000US010890002033,Block Group 3; Census Tract 2.03; Madison County; Alabama,487,140,30,54.5710546,56,58,4,14,0,13,87,67.19374971,108,69.89277502,80,66.73080248,32,33.37663854,59,50,31,33.36165464,778,337,85,71.1758386,57,51,128,128,25,37,20,37.50999867,216,179.2344833,16,27.29468813,109,60.8276253,43,39.8246155,79,43.02324953
1500000US010890003011,Block Group 1; Census Tract 3.01; Madison County; Alabama,535,203,132,106.329676,41,50,15,24,0,13,11,28.82707061,29,37.33630941,51,57.38466694,29,46.84015371,59,60.10823571,168,83.88682853,495,164,22,26.92582404,37,49,20,24,19,31,14,31.48015248,115,87.7268488,44,41.10960958,65,46.17358552,20,21.9317122,139,73.47788783
1500000US010890003012,Block Group 2; Census Tract 3.01; Madison County; Alabama,632,228,106,73.4982993,33,32,38,41,78,80,46,48.23898838,160,104.7854952,33,38.41874542,44,37.80211634,14,25.55386468,80,57.40209055,635,244,117,82.61961026,83,117,34,51,0,13,35,43.8634244,70,46.69047012,93,77.12976079,52,41.10960958,75,50.28916384,76,59.27056605
1500000US010890003013,Block Group 3; Census Tract 3.01; Madison County; Alabama,781,331,131,99.5690715,112,118,0,13,70,89,241,173.5223329,77,65.76473219,53,53.45091206,43,50.69516742,27,30.01666204,27,41.92851059,837,343,53,56.5154846,27,42,50,56,49,56,100,74.4848978,189,149.3753661,75,80.36168241,112,75.21303079,51,39.96248241,131,71.7565328
1500000US010890003021,Block Group 1; Census Tract 3.02; Madison County; Alabama,1194,428,431,326.111944,49,73,0,13,23,37,54,58.50640991,133,104.7854952,123,82.85529555,134,94.26027795,128,133.2966616,119,70.24243732,1897,791,328,242.6952822,156,119,54,64,16,25,542,426.1161813,302,179.4463708,27,29.20616373,189,124.2336508,119,128.4133949,164,92.21713507
1500000US010890003022,Block Group 2; Census Tract 3.02; Madison County; Alabama,469,192,52,43.8634244,121,79,40,60,0,13,26,40.63249931,41,44.92215489,65,63.63175308,14,25.55386468,18,32.69556545,92,68.44705983,766,359,61,74.6860094,85,76,0,13,0,13,47,85.03528679,115,87.20091743,104,96.62815325,180,231.4649001,69,66.18912297,105,87.68124087
1500000US010890004031,Block Group 1; Census Tract 4.03; Madison County; Alabama,1084,392,145,136.3121418,38,61,78,90,0,13,176,155.6373991,68,75.15317691,133,98.27003612,142,111.8302285,70,54.64430437,234,127.3656155,1476,442,252,240.0104164,40,45,34,41,21,31,380,184.0407564,32,43.01162634,125,67.2086304,216,124.4507935,65,63.69458376,311,186.4322933
1500000US010890004032,Block Group 2; Census Tract 4.03; Madison County; Alabama,378,255,67,58.46366393,13,25,87,122,0,13,79,78.35177088,35,45.31004304,33,39.66106403,13,23.85372088,16,28.17800561,35,45.35416188,263,156,0,18.38477631,12,22,25,47,0,13,58,62.3217458,59,47.80167361,13,26.41968963,40,48.27007354,40,48.02082881,16,31.8747549
1500000US010890004033,Block Group 3; Census Tract 4.03; Madison County; Alabama,1212,420,89,93.90420651,0,13,78,100,16,26,217,162.3884232,147,100.8414597,93,73.1641989,115,82.02438662,134,77.1038261,323,219.5563709,1178,434,187,221.8152384,28,41,12,18,54,71,50,55.04543578,74,59.81638571,173,95.52486587,178,89.64373932,170,162.5607579,252,92.08148565
1500000US010890005011,Block Group 1; Census Tract 5.01; Madison County; Alabama,553,169,185,97.08243919,85,51,16,18,0,13,76,53.13191132,43,32.24903099,40,25.55386468,37,27.51363298,6,17.02938637,65,31.09662361,783,198,257,136.0036764,110,66,17,18,0,13,51,62.25752967,73,55.08175742,81,42.48529157,58,38.01315562,33,31.78049716,103,50.46781152
1500000US010890005012,Block Group 2; Census Tract 5.01; Madison County; Alabama,525,287,32,39.84971769,32,38,36,43,0,13,230,193.9922679,61,48.33218389,15,29.06888371,59,48.37354649,0,18.38477631,60,48.89785271,598,330,196,241.3503677,52,61,0,13,0,13,54,55.81218505,60,47.12748667,80,80.05623024,85,56.29387178,34,26.40075756,37,35.79106034
1500000US010890005021,Block Group 1; Census Tract 5.02; Madison County; Alabama,345,150,70,56.40035461,0,13,0,13,0,13,20,30.3644529,30,32.69556545,12,22.20360331,48,40.31128874,63,56.5154846,102,95.87491851,490,193,43,53.15072906,12,19,0,13,0,13,47,50.97057975,20,22.20360331,13,23.02172887,61,33.42154993,34,29.06888371,260,153.9285549
1500000US010890005022,Block Group 2; Census Tract 5.02; Madison County; Alabama,587,306,56,47.04253395,36,56,10,17,50,66,73,101.5283212,194,140.9006742,81,67.26812024,17,17.08800749,10,10,60,55.06359959,400,157,0,18.38477631,21,24,0,13,0,13,58,50.7937004,63,73.1641989,62,44.92215489,52,35.60898763,52,59.43904441,92,38.09199391
1500000US010890005031,Block Group 1; Census Tract 5.03; Madison County; Alabama,391,162,97,111.7899817,7,11,9,12,16,20,88,55.05451843,10,20.61552813,34,25.45584412,48,30.61045573,13,18.38477631,69,50.16971198,434,153,45,29.15475947,57,51,8,13,38,57,76,46.03259715,59,51.66236541,22,17.02938637,59,29.68164416,13,20.61552813,57,36.37306696
1500000US010890005032,Block Group 2; Census Tract 5.03; Madison County; Alabama,576,263,56,41.76122604,2,12,211,250,0,13,91,63.33245613,37,41.48493703,25,23.70653918,17,23.85372088,35,30.23243292,102,74.41102069,581,259,47,37.64306045,3,12,23,32,111,151,54,38.07886553,58,36.35931793,13,20.61552813,130,93.92017888,46,32.20248438,96,73.10266753
1500000US010890006011,Block Group 1; Census Tract 6.01; Madison County; Alabama,367,189,23,29.06888371,8,14,0,13,0,13,25,44.17012565,77,77.36924454,68,58.82176468,98,107.7032961,15,15.23154621,53,31.08054054,352,158,22,37.33630941,14,18,3,8,0,13,123,91.0604195,40,38.27531842,53,35.51056181,31,41.10960958,21,15.23154621,45,27.91057147
1500000US010890006012,Block Group 2; Census Tract 6.01; Madison County; Alabama,361,108,19,33.61547263,0,13,18,30,0,13,38,46.32493929,100,67.08203932,102,71.19691005,60,45.3431362,17,21.40093456,7,30.7408523,567,118,0,18.38477631,108,58,160,52,19,29,0,26,68,57.48912941,37,42.05948169,92,50.93132631,46,39.2173431,37,37.61648575
1500000US010890006021,Block Group 1; Census Tract 6.02; Madison County; Alabama,552,206,10,14.76482306,11,15,73,93,35,46,126,94.75758545,39,41.97618372,11,11.40175425,38,39.2173431,91,96.74709298,118,57.09640969,618,261,15,23.2594067,25,33,6,11,15,21,27,31.60696126,155,188.2153022,48,33.54101966,79,48.25971405,95,81.21576202,153,71.25307011
1500000US010890006022,Block Group 2; Census Tract 6.02; Madison County; Alabama,407,129,5,15.26433752,8,13,56,71,22,28,38,37.12142239,51,44.92215489,102,64.38167441,43,27.01851217,16,14.86606875,66,35.95830919,509,163,20,22.20360331,15,18,45,43,38,48,106,79.10752177,15,17.69180601,98,71.21797526,66,41.86884283,22,23.02172887,84,46.5188134
1500000US010890007011,Block Group 1; Census Tract 7.01; Madison County; Alabama,610,223,209,153.8440769,18,32,34,41,0,13,75,106.0377291,117,117.1750827,99,83.52843827,0,18.38477631,1,13.60147051,57,60.33241252,682,231,182,136.4001466,0,13,0,13,0,13,105,86.04068805,46,46.84015371,134,136.7954678,91,78.77182237,17,23.2594067,107,103.11159
1500000US010890007012,Block Group 2; Census Tract 7.01; Madison County; Alabama,259,148,25,40.16217126,42,48,26,40,0,13,0,26,0,18.38477631,41,47.70744177,78,65,11,22.20360331,36,50.0799361,329,196,27,44.92215489,0,13,78,90,0,13,16,35.15679166,33,46.84015371,57,51.10772936,47,49.92995093,8,19.10497317,63,59.58187644
1500000US010890007013,Block Group 3; Census Tract 7.01; Madison County; Alabama,462,139,17,30.87069808,49,65,4,7,0,13,166,94.03722667,25,40.16217126,19,33.61547263,53,43.96589587,79,77.15568676,50,63.23764702,761,252,84,135.6244816,0,13,64,73,0,13,152,105.1332488,48,48.60041152,48,66.76076692,96,76.90253572,58,84.34453154,211,142.9300528
1500000US010890007021,Block Group 1; Census Tract 7.02; Madison County; Alabama,788,228,40,49.72926704,54,69,0,13,0,13,179,107.6615066,86,63.34824386,39,47.80167361,206,112.4455424,14,26.41968963,170,78.24960064,769,179,35,46.04345773,29,36,0,13,0,13,69,68.54925237,43,44.72135955,116,70,125,79.39773297,164,101.8233765,188,86.01162712
1500000US010890007022,Block Group 2; Census Tract 7.02; Madison County; Alabama,646,370,27,48.76474136,17,32,46,48,0,13,81,100.5534684,10,23.02172887,262,239.827021,0,18.38477631,13,25.55386468,190,123.3734169,752,216,44,48.76474136,19,33,20,34,45,58,84,113.2607611,0,18.38477631,55,48.10405388,25,45.88027899,43,42.05948169,417,159.7216328
1500000US010890009011,Block Group 1; Census Tract 9.01; Madison County; Alabama,480,165,0,18.38477631,0,13,0,13,0,13,115,106.855042,27,38.27531842,0,18.38477631,124,109.772492,60,56.43580424,154,97.48846086,439,194,0,18.38477631,0,13,0,13,0,13,42,66.90291473,20,34.53983208,15,28.17800561,137,98.00510191,47,51.86520992,178,149.5961229
1500000US010890009012,Block Group 2; Census Tract 9.01; Madison County; Alabama,617,305,132,167.5052238,18,32,0,13,0,13,14,39.94996871,124,102.7277957,19,37.33630941,25,41.10960958,69,73.00684899,216,116.7690027,442,232,11,29.06888371,0,13,0,13,29,47,87,98.98989847,23,32.55764119,9,26.41968963,47,47.20169488,10,26.41968963,226,107.7914653
1500000US010890009013,Block Group 3; Census Tract 9.01; Madison County; Alabama,397,317,0,18.38477631,0,13,0,13,0,13,62,104.4557323,123,101.7889974,37,59.43904441,0,18.38477631,14,27.29468813,161,139.917833,605,313,70,86.97700846,0,13,0,13,0,13,196,178.9636835,27,42.54409477,163,139.3161871,29,53.60037313,54,54.5710546,66,66.34003316
1500000US010890009014,Block Group 4; Census Tract 9.01; Madison County; Alabama,778,379,4,15.8113883,85,100,112,100,0,13,112,108.3143573,185,127.440182,7,18.38477631,130,96.64884893,16,29.06888371,127,105.1617801,584,224,0,18.38477631,105,129,29,49,17,35,0,26,189,131.0152663,36,55.31726674,47,63.65532185,17,23.60084744,144,93.82963285
1500000US010890009021,Block Group 1; Census Tract 9.02; Madison County; Alabama,926,306,80,102.9563014,36,34,28,26,0,13,214,130.2804667,139,68.68041933,85,43.41658669,230,255.4407955,44,31.40063694,70,44.62062303,650,215,8,20.61552813,0,13,0,13,0,13,157,82.59539939,100,64.25729531,66,44.10215414,186,196.7053634,82,51.0881591,51,39.7114593
1500000US010890009022,Block Group 2; Census Tract 9.02; Madison County; Alabama,405,124,38,36.05551275,13,17,0,13,0,13,64,48.47679857,107,67.11929678,35,27.78488798,49,33.28663395,27,26.17250466,72,44.35087372,414,144,22,31.57530681,45,58,1,2,7,12,54,47.8225888,32,25.23885893,72,58.69412236,38,28.31960452,18,30.87069808,125,57.19265687
1500000US010890010001,Block Group 1; Census Tract 10; Madison County; Alabama,661,183,23,26.83281573,24,35,0,13,0,13,83,60.97540488,132,71.06335202,52,34.78505426,110,59.39696962,81,81.04319836,156,84.56358554,868,210,68,46.32493929,35,34,29,27,21,27,79,56.66568627,167,71.84705979,120,102.5280449,99,63.78871374,48,37.53664876,202,71.91661839
1500000US010890010002,Block Group 2; Census Tract 10; Madison County; Alabama,630,168,0,18.38477631,0,13,8,11,6,8,117,88.65664104,207,105.6882207,111,64.47480128,90,77.4209274,64,42.43819035,27,35.79106034,764,234,128,112.8051417,11,18,0,13,0,13,148,85.80792504,150,88.83692926,78,59.66573556,90,62.93647591,35,27.20294102,124,122.7721467
1500000US010890012001,Block Group 1; Census Tract 12; Madison County; Alabama,819,387,383,254.6291421,0,13,0,13,0,13,19,36.7151195,214,94.24436323,0,18.38477631,127,140.5773808,20,34.53983208,56,49.05099387,886,357,70,86.68333173,105,85,172,136,0,13,67,51.21523211,74,86.72946443,53,46.64761516,77,56.61271942,7,17.69180601,261,275.1563192
1500000US010890012002,Block Group 2; Census Tract 12; Madison County; Alabama,157,107,99,97.86725704,36,43,0,13,0,13,0,26,0,18.38477631,18,31.78049716,4,14.76482306,0,18.38477631,0,31.84336666,414,195,142,100.7670581,36,54,0,13,0,13,98,107.1914176,107,82.02438662,0,18.38477631,11,25.55386468,0,18.38477631,20,42.49705872
1500000US010890012003,Block Group 3; Census Tract 12; Madison County; Alabama,588,225,165,121.2476804,123,120,0,13,0,13,40,56.66568627,39,51.66236541,32,36.05551275,133,82.03657721,0,18.38477631,56,59.6405902,778,325,98,80.43009387,58,66,0,13,0,13,84,84.40379138,183,98.61541462,149,221.3820228,100,64.44377394,59,78.08969202,47,54.82700065
1500000US010890013011,Block Group 1; Census Tract 13.01; Madison County; Alabama,793,461,16,29.06888371,0,13,0,13,0,13,367,214.2311835,255,285.0701668,54,70.21395873,12,23.02172887,28,44.92215489,61,53.86093204,546,272,20,34.53983208,32,50,0,13,75,112,229,146.6219629,43,38.41874542,37,49.81967483,71,63.34824386,0,18.38477631,39,53.55371136
1500000US010890013012,Block Group 2; Census Tract 13.01; Madison County; Alabama,639,254,129,124.7878199,21,31,13,21,0,13,81,77.23988607,256,182.4828759,16,29.96664813,43,51.66236541,7,19.84943324,73,52.94336597,872,275,96,90.93404203,0,13,29,46,77,121,176,126.2537128,200,131.2440475,123,81.49846624,10,20.61552813,61,48.76474136,100,73.30075034
1500000US010890013013,Block Group 3; Census Tract 13.01; Madison County; Alabama,501,252,60,65.30696747,54,58,60,65,0,13,127,138.8380351,58,94.89467846,37,42.95346319,47,73.1641989,31,39.92492956,27,51.90375709,308,198,0,18.38477631,47,63,0,13,0,13,12,30.78960864,144,128.7982919,0,18.38477631,105,126.6688596,0,18.38477631,0,31.84336666
1500000US010890013021,Block Group 1; Census Tract 13.02; Madison County; Alabama,996,210,170,140.7586587,29,31,67,42,83,81,161,79.97499609,138,77.3369252,97,68.11754546,129,62.20128616,33,25.61249695,89,41.71330723,1413,341,166,133.3604139,54,97,48,49,28,33,524,193.5897725,138,98.81295462,70,42.05948169,174,84.17244205,70,33.9705755,141,70.08566187
1500000US010890014011,Block Group 1; Census Tract 14.01; Madison County; Alabama,1327,278,191,163.3554407,79,59,24,38,10,12,311,114.3590836,126,49.65883607,249,121.8523697,145,60.03332408,99,43.8634244,93,49.50757518,1354,248,196,121.3342491,36,22,30,28,0,13,389,153.6261696,121,52.0096145,200,68.50547423,184,57.42821606,56,28.3019434,142,57.95688052
1500000US010890014031,Block Group 1; Census Tract 14.03; Madison County; Alabama,1075,316,87,104.5466403,26,59,0,13,50,72,545,217.9220044,154,157.5372972,99,71.30918594,53,82.03657721,0,18.38477631,61,45.39823785,985,331,206,140.1178076,8,15,0,13,64,86,467,257.6780938,19,31.95309062,98,80.62257748,86,80.62257748,20,28.17800561,17,33.18132005
1500000US010890014032,Block Group 2; Census Tract 14.03; Madison County; Alabama,400,153,0,18.38477631,0,13,0,13,0,13,154,118.8191904,85,60.92618485,30,39.2173431,21,29.96664813,36,39.8246155,74,61.08191222,440,141,19,29.06888371,15,28,0,13,0,13,114,104.1105182,114,75.43208866,12,26.41968963,31,40.70626487,34,36.87817783,101,69.05070601
1500000US010890014041,Block Group 1; Census Tract 14.04; Madison County; Alabama,488,248,20,41.10960958,15,27,19,30,10,25,112,104.6231332,85,75.69015788,175,119.5198728,9,18.38477631,16,28.17800561,27,36.72873534,502,316,0,18.38477631,2,6,0,13,30,50,209,179.0474797,166,160.5272563,38,32.69556545,8,23.02172887,0,18.38477631,49,48.97958759
1500000US010890014042,Block Group 2; Census Tract 14.04; Madison County; Alabama,583,245,0,18.38477631,0,13,0,13,0,13,221,173.8102414,135,97.9489663,74,113.7453296,44,53.60037313,70,68.76772499,39,53.55371136,454,246,0,18.38477631,0,13,0,13,0,13,243,177.8145101,106,129.6533841,17,29.06888371,49,56.5154846,0,18.38477631,39,45.35416188
1500000US010890014043,Block Group 3; Census Tract 14.04; Madison County; Alabama,603,202,10,13.03840481,2,7,0,13,25,41,65,80.22468448,94,78.18567644,122,108.3420509,133,111.4001795,77,78.08969202,75,45.4202598,751,266,82,94.19129471,44,75,0,13,0,13,169,139.8248905,146,97.94386147,52,69.46221995,120,107.5174404,24,26.83281573,114,62.24949799
1500000US010890015001,Block Group 1; Census Tract 15; Madison County; Alabama,1004,328,13,25.55386468,73,70,35,36,0,13,435,275.5757609,161,133.9589489,49,45.61797891,150,146.4923206,0,18.38477631,88,62.24949799,765,311,46,52.63078947,13,21,0,13,0,13,268,271.781162,98,57.98275606,60,38.47076812,103,90.78546139,105,77.07788269,72,61.04096985
1500000US010890015002,Block Group 2; Census Tract 15; Madison County; Alabama,685,283,0,18.38477631,1,12,0,13,208,158,361,157.6134512,0,18.38477631,1,17.69180601,71,46.61544808,0,18.38477631,43,40.49691346,594,276,32,45,2,27,0,13,246,172,250,112.2408125,0,18.38477631,2,12.36931688,0,18.38477631,0,18.38477631,62,42.02380278
1500000US010890015003,Block Group 3; Census Tract 15; Madison County; Alabama,1223,365,56,86.97700846,0,13,33,53,278,210,609,293.3104158,171,128.724512,0,18.38477631,46,40.71854614,11,21.40093456,19,37.06750599,1089,364,51,53.48831648,55,65,3,6,385,220,438,177.5894141,109,118.7139419,33,33.28663395,8,19.10497317,7,19.84943324,0,31.84336666
1500000US010890015004,Block Group 4; Census Tract 15; Madison County; Alabama,478,287,15,28.17800561,0,13,0,13,0,13,138,98.63569334,121,104.6900186,11,21.40093456,118,104.7854952,17,22.20360331,58,52.13444159,334,155,20,29.96664813,34,36,28,43,0,13,50,84.07139823,53,50.80354318,55,51.4781507,4,14.31782106,36,49.64876635,54,54.09251335
1500000US010890017001,Block Group 1; Census Tract 17; Madison County; Alabama,420,130,62,43.18564576,66,83,0,13,0,13,32,46.54030511,63,43.60045871,56,38.07886553,45,31.40063694,25,19.23538406,71,36.70149861,384,91,39,39.81205847,0,13,9,14,0,13,57,39.52214569,54,42.05948169,42,27.58622845,35,25.61249695,19,20.61552813,129,51.23475383
1500000US010890017002,Block Group 2; Census Tract 17; Madison County; Alabama,589,129,72,43.41658669,21,26,30,30,14,19,41,36.20773398,43,25.94224354,123,59.07622195,71,32.20248438,13,18.38477631,161,85.48684109,544,130,72,40.71854614,53,35,38,25,0,13,19,26.51414717,81,41.88078318,73,51.92301994,68,35.60898763,36,29.54657341,104,41.78516483
1500000US010890018011,Block Group 1; Census Tract 18.01; Madison County; Alabama,841,173,167,81.56592426,51,38,10,18,7,12,89,61.40846847,175,77.98717843,78,40.60788101,91,53.81449619,58,53.71219601,115,52.23983155,924,221,187,84.81155582,24,29,38,37,0,13,99,106.6020638,212,80.72174428,120,70.00714249,90,44.40720662,45,31.144823,109,48.37354649
1500000US010890018012,Block Group 2; Census Tract 18.01; Madison County; Alabama,357,123,58,68.35202996,22,25,10,16,13,17,10,27.62245463,78,46.84015371,54,45.88027899,44,37.44329045,9,19.10497317,59,33.60059523,536,221,64,64.41273166,25,22,60,57,0,13,58,43.38202393,115,100.8464179,104,66.64833081,23,24.69817807,17,24.69817807,70,44.27188724
1500000US010890018013,Block Group 3; Census Tract 18.01; Madison County; Alabama,376,126,19,21.9317122,22,35,0,13,0,13,10,27.62245463,0,18.38477631,96,73.430239,46,48.84669897,17,21.02379604,166,91.54233993,616,220,18,25.55386468,56,67,82,74,22,28,11,28.82707061,21,24.41311123,49,42.15447782,78,49.72926704,118,92.13034245,161,79.30321557
1500000US010890019011,Block Group 1; Census Tract 19.01; Madison County; Alabama,397,133,30,29.06888371,0,13,12,20,0,13,18,27.62245463,35,41.10960958,14,23.19482701,163,106.0754448,7,17.69180601,118,62.12084996,609,188,53,47.42362281,31,37,48,57,0,13,35,45.90206967,64,52.39274759,121,100.8414597,92,73.75635566,24,39.2173431,141,80.78366171
1500000US010890019012,Block Group 2; Census Tract 19.01; Madison County; Alabama,692,163,181,92.43916919,38,35,32,36,0,13,25,35.19943181,52,45.88027899,73,53.60037313,105,61.03277808,67,44.59820624,119,57.8964593,710,212,28,30.08321791,44,37,25,31,26,39,31,43.31281566,87,53.14132102,106,51.86520992,119,62.28964601,34,34.17601498,210,164.7331175
1500000US010890019013,Block Group 3; Census Tract 19.01; Madison County; Alabama,555,132,24,27.20294102,13,20,34,44,0,13,63,51.41984053,55,50.53711507,29,26.92582404,117,62.00806399,65,55.75840744,155,59.11006682,536,134,26,32.69556545,19,29,37,50,25,25,55,51.91338941,23,26.92582404,76,49.51767361,74,56.08029957,88,57.48912941,113,54.05552701
1500000US010890019021,Block Group 1; Census Tract 19.02; Madison County; Alabama,910,174,61,47.80167361,57,35,16,18,0,13,117,48.55924217,38,39.2173431,106,57.38466694,111,55.08175742,165,79.37883849,239,76.98701189,1292,228,80,51,102,52,64,64,0,13,145,54.5068803,62,39.8246155,69,48.02082881,171,58.6003413,88,60.08327554,511,164.8362824
1500000US010890019031,Block Group 1; Census Tract 19.03; Madison County; Alabama,1158,115,121,62.64982043,113,45,69,46,8,9,51,45.50824101,85,43.60045871,142,53,130,52.20153254,114,41.72529209,325,83.30066026,1080,131,140,66.37017402,69,29,60,37,18,13,86,42.15447782,101,38.20994635,128,55.75840744,140,51.42956348,103,37.48332963,235,72.35329986
1500000US010890020001,Block Group 1; Census Tract 20; Madison County; Alabama,392,173,77,59.80802622,12,17,0,13,0,13,54,42.17819342,170,147.9594539,28,25.45584412,44,35.38361203,0,18.38477631,7,31.44837039,283,88,51,52.32590181,5,8,0,13,0,13,64,50.23942675,33,32.64965543,1,13.15294644,65,43.38202393,0,18.38477631,64,53.78661544
1500000US010890020002,Block Group 2; Census Tract 20; Madison County; Alabama,658,196,78,55,20,22,20,23,0,13,68,52.11525688,232,146.1027036,46,42.72001873,85,48.83646179,49,39.05124838,60,44.33959855,868,342,162,169.3310367,0,13,38,60,12,21,176,96.40539404,250,146.013698,23,26.41968963,69,40,61,43.93176527,77,45.84757355
1500000US010890021001,Block Group 1; Census Tract 21; Madison County; Alabama,187,136,25,41.10960958,9,14,0,13,0,13,0,26,31,37.64306045,69,79.07591289,26,41.10960958,12,23.02172887,15,37.69615365,268,145,8,18.38477631,53,58,0,13,0,13,0,26,21,27.29468813,37,53.60037313,0,18.38477631,44,45.79301257,105,108.8898526
1500000US010890021002,Block Group 2; Census Tract 21; Madison County; Alabama,509,309,31,34.40930107,0,13,32,51,0,13,42,48.81598099,151,143.1223253,112,80.95677859,36,38.11823711,95,86.95401083,10,33.18132005,492,239,38,56.5154846,26,42,35,56,0,13,66,88.89881889,28,43.01162634,114,81.49233093,39,32.64965543,52,44.59820624,94,70.9436396
1500000US010890021003,Block Group 3; Census Tract 21; Madison County; Alabama,543,265,270,249.4674327,0,13,15,27,0,13,57,56.77147171,12,23.85372088,0,18.38477631,12,28.17800561,56,71.19691005,121,69.7782201,446,231,17,29.06888371,0,13,15,25,0,13,72,61.83041323,18,21.9317122,12,29.06888371,240,227.2993621,23,27.80287755,49,43.39354791
1500000US010890022001,Block Group 1; Census Tract 22; Madison County; Alabama,678,170,120,89.58794562,26,25,19,26,34,54,208,86.55634003,53,38.41874542,24,25.23885893,33,42.05948169,80,64.03124237,81,55.1724569,785,209,81,59.05929224,17,29,4,9,93,79,176,131.6206671,87,66.73080248,97,61.58733636,29,34.17601498,35,30.47950131,166,64.85368147
1500000US010890022002,Block Group 2; Census Tract 22; Madison County; Alabama,190,85,4,15.26433752,6,10,0,13,21,33,33,33.39161571,17,30.87069808,11,19.10497317,5,15.26433752,1,13.15294644,92,85.65045242,282,89,26,27.20294102,0,13,0,13,0,13,61,48.73397172,38,29.73213749,26,30.23243292,87,58.13776741,11,22.20360331,33,32.86335345
1500000US010890023001,Block Group 1; Census Tract 23; Madison County; Alabama,405,232,37,69.23149572,18,35,78,117,4,9,66,72.58098925,36,49.72926704,41,48.25971405,76,105.8017013,34,58.46366393,15,38.34057903,466,332,85,106.6255129,0,13,73,110,0,13,73,76.13146524,15,31.78049716,69,99.84988733,119,138.9172416,14,26.41968963,18,41.06093034
1500000US010890023002,Block Group 2; Census Tract 23; Madison County; Alabama,613,320,84,109.772492,116,143,0,13,0,13,53,63.15061362,58,58.18075283,241,234.0939982,8,19.84943324,3,19.84943324,50,53.82378656,918,308,265,131.5902732,75,75,0,13,149,107,16,34.39476704,259,155.9390907,36,44.92215489,74,71.84010022,2,19.10497317,42,45.61797891
1500000US010890023003,Block Group 3; Census Tract 23; Madison County; Alabama,721,551,0,18.38477631,0,13,0,13,13,29,16,34.39476704,84,104.1201229,26,44.92215489,51,68.24954212,400,528.7958018,131,88.83130079,446,270,0,18.38477631,0,13,0,13,0,13,16,35.15679166,18,42.05948169,61,64.32728814,12,23.02172887,17,29.96664813,322,264.8244702
1500000US010890023004,Block Group 4; Census Tract 23; Madison County; Alabama,661,359,95,130.6483831,0,13,16,27,0,13,83,82.14621111,143,151.1588568,27,36.40054945,143,128.4562182,0,18.38477631,154,165.6773974,804,294,0,18.38477631,75,119,0,13,11,18,269,189.855208,32,40.16217126,57,71.19691005,193,134.465609,13,23.85372088,154,104.4605189
1500000US010890024001,Block Group 1; Census Tract 24; Madison County; Alabama,327,211,9,70.72481884,0,13,0,13,0,13,43,75.30604225,47,66.28725368,128,129.2013932,1,13.60147051,77,107.7868267,22,46.27094121,336,429,150,244.3460661,41,66,2,4,0,13,99,174.4133022,0,18.38477631,41,67.26812024,1,13.15294644,2,13.92838828,0,31.84336666
1500000US010890024002,Block Group 2; Census Tract 24; Madison County; Alabama,566,256,175,121.823643,50,63,28,43,0,13,57,67.33498348,0,18.38477631,162,154.6738504,15,27.29468813,43,53.53503526,36,49.16299421,610,359,0,18.38477631,81,82,56,72,32,52,51,70.69653457,160,119.8874472,94,114.5862121,32,57.48912941,43,59.43904441,61,56.05354583
1500000US010890024003,Block Group 3; Census Tract 24; Madison County; Alabama,515,350,49,85.98837131,0,13,0,13,24,41,91,140.8119313,56,89.94442729,145,206.4097866,83,133.6338281,0,18.38477631,67,64.5987616,510,277,0,18.38477631,0,13,71,106,0,13,0,26,39,56.5154846,191,154.7772593,43,77.1038261,1,13.15294644,165,146.0992813
1500000US010890024004,Block Group 4; Census Tract 24; Madison County; Alabama,595,446,169,245.3446555,0,13,0,13,0,13,138,158.6064311,78,91.58602513,0,18.38477631,114,123.5475617,65,99.84988733,31,48.39421453,529,247,0,18.38477631,0,13,0,13,0,13,166,120.0124993,127,146.1540283,90,106.7941946,12,43.01162634,58,61.39218191,76,68.87670143
1500000US010890025011,Block Group 1; Census Tract 25.01; Madison County; Alabama,376,176,28,39.2173431,0,13,0,13,0,13,174,117.6392792,48,88.95504483,14,28.17800561,58,66.18912297,38,64.32728814,16,41.77319715,516,200,20,37.33630941,0,13,0,13,0,13,271,177.2625172,54,48.76474136,38,40.16217126,8,24.69817807,51,59.43904441,74,58.85575588
1500000US010890025012,Block Group 2; Census Tract 25.01; Madison County; Alabama,519,277,78,94.89467846,95,82,63,60,0,13,159,110.2497166,27,37.33630941,6,15.8113883,70,51.88448708,0,18.38477631,21,37.42993454,490,293,246,160.8011194,0,13,0,13,0,13,161,112.4766642,14,26.41968963,51,46.87216658,17,29.96664813,0,18.38477631,1,29.13760457
1500000US010890025013,Block Group 3; Census Tract 25.01; Madison County; Alabama,622,322,59,69.23149572,33,54,25,42,67,106,63,82.16446921,23,34.53983208,136,121.8400591,199,197.4284681,0,18.38477631,17,39.67366885,673,372,278,211.1776503,49,78,20,35,0,13,58,67.84541252,85,80.49844719,146,132.4009063,37,61.39218191,0,18.38477631,0,31.84336666
1500000US010890025021,Block Group 1; Census Tract 25.02; Madison County; Alabama,288,141,103,84.21995013,0,13,0,13,0,13,55,60.52272301,5,31.78049716,14,33.61547263,34,49.72926704,59,60.41522987,18,41.06093034,425,212,6,33.61547263,130,134,39,51,0,13,33,53.35728629,67,75.13321503,0,18.38477631,91,72.86288493,18,33.61547263,41,45.66180023
1500000US010890025022,Block Group 2; Census Tract 25.02; Madison County; Alabama,796,429,101,138.6109664,0,13,0,13,21,36,157,110.4445562,27,33.61547263,350,389.1040992,109,101.8331969,15,21.58703314,16,33.55592347,761,428,160,129.3213053,0,13,84,132,0,13,182,116.9700816,103,101.9803903,42,59.43904441,24,38.27531842,115,131.6434579,51,68.2202316
1500000US010890025023,Block Group 3; Census Tract 25.02; Madison County; Alabama,576,180,97,126.589889,0,13,18,33,22,35,61,57.5847202,101,104.7377678,83,57.7754273,82,76.02631123,82,62.22539674,30,45.13313639,666,281,89,130.6483831,0,13,0,13,0,13,180,156.2881953,150,163.5267562,148,112.7519401,11,22.20360331,26,38.27531842,62,59.35486501
1500000US010890026001,Block Group 1; Census Tract 26; Madison County; Alabama,696,278,0,18.38477631,0,13,0,13,0,13,377,254.2144764,11,22.20360331,35,45.22167622,84,86.97700846,27,26.07680962,162,85.63877626,495,182,15,29.96664813,0,13,46,72,0,13,52,72.87660804,13,24.69817807,0,18.38477631,43,56.46237685,105,82.56512581,221,86.85044617
1500000US010890026002,Block Group 2; Census Tract 26; Madison County; Alabama,460,167,37,50.69516742,33,41,0,13,0,13,79,111.3013926,23,29.06888371,74,52.69724851,37,36.23534186,13,25.55386468,164,84.53993139,409,115,38,32.24903099,19,33,25,32,0,13,0,26,47,51.86520992,34,35.4682957,34,39.59797975,74,67.95586803,138,69.20260111
1500000US010890026003,Block Group 3; Census Tract 26; Madison County; Alabama,831,203,168,103.8171469,29,33,0,13,13,23,97,68.32276341,276,145.6708619,43,38.60051813,41,32.55764119,99,71.30918594,65,53.18834459,1095,309,91,48.37354649,6,11,0,13,0,13,110,69.41901757,355,278.4115659,96,52.40229003,73,52.49761899,67,61.68468205,297,147.651617
1500000US010890027011,Block Group 1; Census Tract 27.01; Madison County; Alabama,599,146,34,39.2173431,36,34,22,24,0,13,57,41.98809355,78,54.40588203,26,43.96589587,93,60.16643583,103,62.60990337,150,60.85228015,600,146,48,56.5154846,0,13,47,46,1,5,49,47.65501023,52,47.80167361,34,28.42534081,41,44.92215489,69,34.4818793,259,86.75252158
1500000US010890027012,Block Group 2; Census Tract 27.01; Madison County; Alabama,899,377,94,81.0061726,27,36,16,27,33,35,57,54.3599117,369,316.3558123,78,53.15072906,43,35.77708764,49,44.01136217,133,75.63729239,756,221,56,57.48912941,25,35,0,13,32,35,153,102.4548681,107,85,38,46.84015371,182,97.61659695,0,18.38477631,163,116.2239218
1500000US010890027211,Block Group 1; Census Tract 27.21; Madison County; Alabama,998,383,218,177.0028248,75,81,18,20,0,13,80,54.24942396,86,60.53924347,69,44.04543109,79,47.01063709,42,36.05551275,331,114.5862121,927,147,89,45.96737974,16,17,40,34,0,13,23,31.0322413,109,71.86793444,35,23.70653918,87,49.04079934,168,65.11528238,360,102.3279043
1500000US010890027212,Block Group 2; Census Tract 27.21; Madison County; Alabama,1068,169,89,59.6405902,38,26,18,23,10,12,211,120.8552854,182,80.80222769,30,25.61249695,142,56.46237685,93,58.24087911,255,95.48821917,1272,318,159,81.63332653,30,24,8,13,9,13,197,102.8931485,146,68.81860214,46,33.60059523,224,210.924157,169,79.81227976,284,123.9677377
1500000US010890027221,Block Group 1; Census Tract 27.22; Madison County; Alabama,587,146,87,69.35416354,31,32,42,42,0,13,16,25.01999201,120,84.85281374,32,29.69848481,55,34.82814953,64,42.54409477,140,56.70097001,579,183,71,66.60330322,18,14,16,18,0,13,52,56.44466317,77,83.02409289,66,44.68780594,52,36.67424164,63,42.54409477,164,69.97856815
1500000US010890027222,Block Group 2; Census Tract 27.22; Madison County; Alabama,816,206,121,59.03388857,0,13,9,14,30,30,109,66.16645676,74,56.93856338,16,21.40093456,129,63.07138812,44,31.89043744,284,178.0561709,959,173,86,52.83937925,32,41,10,14,30,39,246,135.6097342,38,29,95,63.56099433,102,56.85068161,90,43.41658669,230,77.1621669
1500000US010890028011,Block Group 1; Census Tract 28.01; Madison County; Alabama,739,262,120,102.1420579,33,43,22,36,23,41,11,29.46183973,216,142.6779591,69,64.40496875,40,46.64761516,40,35.4682957,165,83.77350416,683,211,70,53.75872022,22,36,0,13,39,63,15,32.90896534,190,140.890028,59,51,30,47.80167361,54,43.60045871,204,104.4317959
1500000US010890028012,Block Group 2; Census Tract 28.01; Madison County; Alabama,950,281,77,87.96590248,19,30,22,34,56,65,187,158.7891684,135,105.6882207,136,134.617978,163,115.2475596,19,32.69556545,136,72.00694411,849,295,68,101.5972441,41,42,113,148,15,24,80,91.80413934,39,33.30165161,19,30.87069808,179,146.013698,72,92.91393867,223,102.1665307
1500000US010890028013,Block Group 3; Census Tract 28.01; Madison County; Alabama,709,368,0,18.38477631,0,13,19,30,120,81,348,345.6067129,60,48.54894438,0,18.38477631,14,25.55386468,54,59.50630219,94,90.99450533,665,193,23,43.96589587,18,30,0,13,0,13,97,136.9525465,89,58.72818744,77,45.607017,61,62.36986452,26,31.30495168,274,132.4990566
1500000US010890028031,Block Group 1; Census Tract 28.03; Madison County; Alabama,958,336,76,71.11258679,40,38,116,88,94,96,83,88.21564487,61,51.03920062,198,138.1050325,104,68.81860214,38,35.4682957,148,80.74651695,1001,247,164,116.8118145,33,35,22,26,41,50,87,72.58098925,127,92.61749295,152,88.32326987,130,85.23496935,119,71.58910532,126,84.26149773
1500000US010890028032,Block Group 2; Census Tract 28.03; Madison County; Alabama,1599,353,320,179.8360364,190,126,50,53,16,27,116,88.06247782,336,139.0143877,298,121.75385,113,68.01470429,54,41.0487515,106,67.6609193,1418,328,147,113,177,122,23,38,0,13,141,101.6021653,300,140.431478,154,90.73588044,176,90.42676595,64,56.5154846,236,101.0742301
1500000US010890028041,Block Group 1; Census Tract 28.04; Madison County; Alabama,271,104,0,18.38477631,0,13,0,13,0,13,64,60.55575943,0,18.38477631,0,18.38477631,59,47.80167361,71,70.57619995,77,51.09794516,335,157,0,18.38477631,0,13,0,13,0,13,123,96.88653157,0,18.38477631,0,18.38477631,130,83.48652586,35,38.41874542,47,39.73663297
1500000US010890028042,Block Group 2; Census Tract 28.04; Madison County; Alabama,1000,251,45,53.03772242,35,45,57,74,17,29,111,66.54321904,100,70,220,130.9236419,134,102.4597482,77,50.24937811,204,76.00657866,1343,365,49,45.88027899,187,95,127,113,0,13,146,115.3386319,63,44.59820624,279,136.9269878,121,100.8414597,88,50.99019514,283,114.8607853
1500000US010890029111,Block Group 1; Census Tract 29.11; Madison County; Alabama,959,173,141,79.81227976,43,54,20,29,8,12,69,66.90291473,148,80.61017306,166,71.21797526,139,66.03786792,82,39.69886648,143,65.96969001,1164,258,178,109.931797,9,14,31,28,26,32,117,85.62709851,169,78.29431652,138,66.28725368,124,75.13321503,81,54.12947441,291,118.705518
1500000US010890029112,Block Group 2; Census Tract 29.11; Madison County; Alabama,623,260,142,90.78546139,41,57,6,11,9,15,64,61.13918547,209,158.3982323,59,41.03656906,25,23.76972865,18,23.85372088,50,45.69463864,572,168,67,55.97320788,36,51,13,20,0,13,68,70.68238819,124,70.21395873,19,23.2594067,46,33.61547263,41,35.38361203,158,72.82856582
1500000US010890029113,Block Group 3; Census Tract 29.11; Madison County; Alabama,551,199,55,63.28506933,35,41,26,33,22,27,82,68.00735254,55,48.37354649,40,26.41968963,62,53.25410782,71,46.09772229,103,54.62600113,670,285,91,87.7268488,19,25,19,30,14,21,111,135.8786223,45,43.38202393,63,45.96737974,119,61.61980201,78,75.50496672,111,53.88877434
1500000US010890029121,Block Group 1; Census Tract 29.12; Madison County; Alabama,603,146,57,33.9705755,15,22,16,23,16,19,82,85.92438536,109,46.01086828,56,31.82766093,68,36.87817783,48,24.8394847,136,49.13247399,693,176,36,24.75883681,35,27,61,50,10,16,93,94.69424481,61,30.23243292,34,23.40939982,93,61.29437168,67,31.89043744,203,55.96427432
1500000US010890029122,Block Group 2; Census Tract 29.12; Madison County; Alabama,536,136,56,54.5710546,16,17,14,17,33,29,57,73.89181281,78,54.7813837,14,25.55386468,57,25.55386468,36,22.82542442,175,66.62582082,481,128,21,17,24,25,16,24,3,5,20,30.5122926,51,42.95346319,43,30.52867504,83,45.54119015,43,31.01612484,177,65.5286197
1500000US010890029221,Block Group 1; Census Tract 29.22; Madison County; Alabama,592,190,26,29.06888371,40,31,23,25,5,9,47,51.79768335,137,136.6162509,56,50.92150823,95,52.40229003,35,35.4682957,128,89.27485648,664,140,30,29.06888371,42,40,0,13,0,13,124,94.96315075,57,42.3792402,98,71.11961755,117,54.20332093,61,38.91015292,135,68.42514158
1500000US010890029222,Block Group 2; Census Tract 29.22; Madison County; Alabama,995,163,55,36.40054945,40,34,40,28,12,18,84,61.17188897,173,77.17512553,130,71.06335202,92,60.8276253,74,36.87817783,295,94.77868959,994,219,141,77.89736838,62,47,45,43,0,13,105,71.95137247,108,51.31276644,75,61.46543744,58,35.60898763,124,52.63078947,276,114.485807
1500000US010890029223,Block Group 3; Census Tract 29.22; Madison County; Alabama,516,123,45,31.78049716,91,48,16,23,7,14,34,33.21144381,78,51.42956348,81,45.79301257,66,44.04543109,29,24.69817807,69,44.60941605,368,88,40,35.77708764,33,28,13,18,6,10,14,32.90896534,34,28.17800561,93,45.27692569,29,29.73213749,25,18.02775638,81,44.84417465
1500000US010890029231,Block Group 1; Census Tract 29.23; Madison County; Alabama,540,229,57,41.72529209,5,9,0,13,0,13,55,49.74937186,45,38.27531842,20,30.87069808,88,81.9390017,150,138.1339929,120,113.547347,555,190,42,33.52610923,19,27,76,77,0,13,15,33.64520768,59,43.96589587,74,63.0634601,95,77.1038261,39,43.96589587,136,94.39279634
1500000US010890029232,Block Group 2; Census Tract 29.23; Madison County; Alabama,603,227,79,58.25804665,56,49,61,63,12,26,52,51.05878964,20,33.61547263,41,39.11521443,24,29.06888371,19,28.17800561,239,146.5605677,449,161,34,40.70626487,27,49,0,13,0,13,24,34.39476704,48,48.54894438,47,52.47856705,67,50.32891813,46,46.84015371,156,92.0271699
1500000US010890029233,Block Group 3; Census Tract 29.23; Madison County; Alabama,380,149,60,52.63078947,29,34,37,42,12,17,52,59.22837158,109,86.60831369,28,30.61045573,25,42.05948169,8,19.84943324,20,35,492,191,62,45.88027899,27,28,0,13,12,19,106,95.7653382,61,51.66236541,17,32.69556545,68,55.22680509,12,23.02172887,127,100.5634128
1500000US010890029241,Block Group 1; Census Tract 29.24; Madison County; Alabama,766,219,40,37.33630941,68,53,0,13,14,20,27,36.81032464,71,55,45,37.48332963,24,28.63564213,94,78.92401409,383,167.7945172,572,141,9,21.40093456,71,48,0,13,0,13,16,33.64520768,62,57.48912941,39,35.35533906,55,45,50,47.16990566,270,116.7261753
1500000US010890029242,Block Group 2; Census Tract 29.24; Madison County; Alabama,951,266,50,38.07886553,35,40,42,44,36,34,109,84.68175719,176,97.09788875,90,59.03388857,281,208.9042843,58,49.24428901,74,51.01960408,1373,541,63,70.09279564,27,35,51,47,118,149,153,112.4322018,158,95.50916186,170,152.2793486,267,212.793327,73,51.623638,293,223.7476257
1500000US010890030001,Block Group 1; Census Tract 30; Madison County; Alabama,503,219,200,169.8057714,0,13,4,10,2,5,3,23.06512519,51,68.24954212,105,76.32168761,26,33.61547263,61,47.42362281,51,43.11612227,563,250,138,96.13532129,77,80,5,10,2,4,128,99.57911428,71,68,0,18.38477631,49,50.80354318,54,45.88027899,39,47.04253395
1500000US010890030002,Block Group 2; Census Tract 30; Madison County; Alabama,831,315,96,127.8827588,32,44,59,75,115,151,52,45.59605246,39,41.40048309,177,128.8875479,53,44.92215489,40,43.96589587,168,61.7170965,1067,477,195,156.588633,70,76,19,31,49,59,176,167.4484995,144,93.63759929,97,91.40021882,121,80.77747211,79,58.6003413,117,80.88881258
1500000US010890031001,Block Group 1; Census Tract 31; Madison County; Alabama,2405,278,72,63.2455532,21,22,57,48,26,32,603,131.0343466,716,146.3728117,396,121.2641744,297,108.2450923,56,38.18376618,161,70.29224708,783,158,39,36.40054945,6,10,0,13,0,13,106,62.02418883,171,83.24061509,152,70.00714249,111,62.16912417,43,27.58622845,155,69.77105417
1500000US010890031002,Block Group 2; Census Tract 31; Madison County; Alabama,324,133,8,18.38477631,0,13,0,13,4,8,46,45.81484476,15,16.76305461,35,32.984845,32,29.96664813,90,72.80109889,94,100.1598722,279,96,8,18.38477631,16,23,25,29,12,18,16,25.0998008,65,51.4781507,15,26.41968963,38,27.85677655,13,19.84943324,71,45.95650117
1500000US010890031003,Block Group 3; Census Tract 31; Madison County; Alabama,493,119,7,17.02938637,6,11,6,10,0,13,175,95.26279442,69,73.38937253,60,43.27817002,46,48.50773134,36,24.69817807,88,59.5986577,527,96,17,15.8113883,0,13,0,13,0,13,84,57.07889277,5,15.26433752,48,41.59326869,70,56.88585061,23,27.73084925,280,101.8577439
1500000US010890101011,Block Group 1; Census Tract 101.01; Madison County; Alabama,1262,312,240,103.3537614,83,99,48,59,0,13,138,86.2032482,248,122.1228889,243,140.890028,132,84.40379138,69,58.05170109,61,60.8358447,1035,226,32,44.92215489,111,84,53,60,42,40,79,61.60357133,120,90.21086409,147,119.7747887,216,112.4455424,91,101.1187421,144,89.1908067
1500000US010890101012,Block Group 2; Census Tract 101.01; Madison County; Alabama,749,330,109,105.6030303,0,13,0,13,13,21,54,69.19537557,136,104.560987,47,74.14849965,255,264.1855409,94,90.42676595,41,55.29014379,561,214,60,65.1459899,52,73,0,13,0,13,41,71.63099888,62,57.30619513,100,97.08243919,122,82.8794305,37,46.84015371,87,94.57801013
1500000US010890101013,Block Group 3; Census Tract 101.01; Madison County; Alabama,679,190,52,49.2036584,18,32,0,13,0,13,82,76.85701009,53,81.04936767,35,45.88027899,69,60.6052803,97,85.42247948,273,159.2356744,880,511,103,136.6199107,209,247,13,21,0,13,32,39.98749805,150,148.4856895,58,51.97114584,143,134.4061011,74,89.94442729,98,74.67261881
1500000US010890101021,Block Group 1; Census Tract 101.02; Madison County; Alabama,1357,367,114,81.4002457,103,80,127,94,37,45,246,201.7101881,66,62.03224968,206,112.4455424,171,145.2618326,96,72.86288493,191,118.4947256,1156,327,126,108.7474138,47,50,61,70,0,13,132,130.5947932,126,85.79627032,241,130.2075267,179,125.6065285,0,18.38477631,244,131.1907009
1500000US010890101022,Block Group 2; Census Tract 101.02; Madison County; Alabama,1271,335,192,137.0583817,93,101,49,76,0,13,173,126.2339099,270,121.0784869,196,161.5951732,167,96.20810777,54,61.77378085,77,76.10519036,2414,736,436,314.5600102,363,198,83,90,76,110,63,63.92182726,413,209.6187015,321,186.4886056,144,99.90495483,221,196.0637651,294,150.1765628
1500000US010890102001,Block Group 1; Census Tract 102; Madison County; Alabama,1203,446,151,100,67,53,21,33,19,24,66,68.37397166,47,36.87817783,155,115.8706175,147,115.6935608,105,72.89718787,425,387.0284227,1229,441,67,72.49827584,101,93,18,28,0,13,131,92.51486367,89,93.00537619,107,68.8839604,437,362.2002209,34,41.88078318,245,93.21480569
1500000US010890102002,Block Group 2; Census Tract 102; Madison County; Alabama,1234,270,204,149.6028075,52,54,13,20,11,16,140,83.04817879,258,134.0149245,141,78.64477096,151,106.5316854,89,70.00714249,175,87.22958214,1079,248,198,143.2096365,0,13,20,30,6,10,202,125.0439923,171,82.63776376,64,51.66236541,221,124.9639948,32,39.2173431,165,87.49285685
1500000US010890102003,Block Group 3; Census Tract 102; Madison County; Alabama,675,284,183,151.8321442,19,26,4,7,17,31,77,72.19418259,91,92.35799911,75,73.53910524,98,76.4852927,96,112.6055061,15,38.34057903,724,192,94,96.9381246,20,26,29,45,11,21,77,63.15061362,99,89.49860334,102,66.85057965,173,127.5813466,59,61.26989473,60,85.0940656
1500000US010890103021,Block Group 1; Census Tract 103.02; Madison County; Alabama,1512,686,11,22.20360331,245,207,275,292,58,62,98,61.3025285,171,91.78779875,191,170.425937,175,99.90495483,36,33.37663854,252,145.4647724,1053,266,104,78.79086241,36,42,38,37,10,17,130,76.3871717,74,64.07027392,261,180.2470527,59,47.01063709,78,71.86793444,263,208.0048076
1500000US010890103022,Block Group 2; Census Tract 103.02; Madison County; Alabama,1012,260,19,21.40093456,50,49,15,22,57,50,211,118.650748,158,89.10667764,92,83.6480723,208,87.23531395,54,43.96589587,148,72.13182377,1363,376,260,175.855054,101,71,47,47,64,74,111,64.21059103,190,143.6941196,166,100.124922,237,96.60227741,97,50.11985634,90,61.21274377
1500000US010890103031,Block Group 1; Census Tract 103.03; Madison County; Alabama,1010,295,215,148.4991582,96,102,0,13,84,111,43,45.2437841,122,86.21484791,180,122.1187946,101,70.68238819,54,58.52349955,115,86.71793355,1171,460,262,255.9238168,100,87,0,13,135,146,114,134.5622533,159,104.2017274,170,135.3403118,78,70.83078427,96,84.01190392,57,51.34199061
1500000US010890103032,Block Group 2; Census Tract 103.03; Madison County; Alabama,915,413,42,57.28001397,0,13,0,13,16,31,88,80.57294831,166,102.5524256,81,56.08029957,402,382.2276808,22,24.08318916,98,57.0876519,901,313,117,91.80958556,0,13,25,41,0,13,87,63.17436189,149,92.31467922,59,48.46648326,120,69.35416354,224,261.1053427,120,66.65583245
1500000US010890103041,Block Group 1; Census Tract 103.04; Madison County; Alabama,456,307,122,124.0846485,38,62,0,13,0,13,20,39.94996871,61,86.97700846,37,62.36986452,26,28.17800561,54,53.81449619,98,70.58328414,369,141,54,65.30696747,0,13,0,13,0,13,47,50.94114251,73,77.1038261,33,57.48912941,51,48.76474136,49,50.15974482,62,55.20869497
1500000US010890103042,Block Group 2; Census Tract 103.04; Madison County; Alabama,434,182,12,27.29468813,58,63,25,40,8,16,20,39.94996871,13,29.06888371,123,83.5463943,18,30.87069808,78,75.00666637,79,70.30647196,428,157,0,18.38477631,11,22,23,40,14,23,0,26,22,45.88027899,110,81.0246876,123,87.1148667,0,18.38477631,125,88.60586888
1500000US010890103043,Block Group 3; Census Tract 103.04; Madison County; Alabama,796,309,175,157.990506,23,38,0,13,0,13,199,151.4100393,83,85.14693183,46,43.84062043,43,48.83646179,118,79.17701687,109,75.03998934,896,398,163,133.2816567,113,120,23,37,0,13,180,152.3811012,45,60.16643583,76,63.82005954,98,85,72,59.54829972,126,84.17838202
1500000US010890103044,Block Group 4; Census Tract 103.04; Madison County; Alabama,820,382,232,258.3273118,47,60,40,63,0,13,71,60.09159675,114,103.5857133,121,142.5938288,75,63.34824386,87,76.32168761,33,48.64154603,740,234,46,77.1038261,70,70,0,13,0,13,79,76.4852927,228,145.8903698,80,79.51100553,72,70.21395873,85,55.4436651,80,54.60769177
1500000US010890104031,Block Group 1; Census Tract 104.03; Madison County; Alabama,550,300,60,56.5154846,56,59,31,41,34,49,11,28.21347196,30,38.27531842,83,77.88452991,129,88.141931,0,18.38477631,116,84.99411744,747,237,61,64.84597135,17,29,0,13,0,13,52,52.17278984,21,25.49509757,131,92.20086767,129,68.70953355,194,209.4039159,142,112.1427662
1500000US010890104032,Block Group 2; Census Tract 104.03; Madison County; Alabama,573,159,27,32.55764119,15,24,93,76,26,34,26,36.3868108,39,37.73592453,121,62.2655603,190,118.92855,25,30,11,34.19064199,801,195,72,49.09175083,52,57,56,51,11,19,63,56.33826408,91,59.39696962,230,129.1394595,96,59.03388857,119,98.31073187,11,33.67491648
1500000US010890104041,Block Group 1; Census Tract 104.04; Madison County; Alabama,1077,413,76,105.8017013,236,220,6,14,0,13,184,148.7144916,71,68.54195795,86,73.60027174,184,134.4618905,42,47.01063709,192,122.0491704,838,304,44,60.41522987,19,30,76,82,0,13,131,122.4050653,88,74.02702209,98,91.23595782,162,109.4166349,21,40.16217126,199,112.8051417
1500000US010890104042,Block Group 2; Census Tract 104.04; Madison County; Alabama,430,151,27,41.10960958,0,13,15,28,14,25,66,48.23898838,21,25.49509757,37,52.63078947,119,83.52245207,41,41.10960958,90,61.57109712,574,278,12,23.02172887,37,63,0,13,11,18,17,34.39476704,72,100.4390362,117,76.38062582,86,74.24284477,61,76.11832894,161,106.9392351
1500000US010890104051,Block Group 1; Census Tract 104.05; Madison County; Alabama,692,331,36,71.19691005,9,15,0,13,109,124,8,26,73,61.03277808,42,51.66236541,118,95.18928511,180,191.9088325,117,66.92533153,1074,314,238,197.850954,45,48,14,19,0,13,68,74.41773982,49,50.60632372,76,88.1192374,165,117.9237041,63,73.1641989,356,230.995671
1500000US010890104052,Block Group 2; Census Tract 104.05; Madison County; Alabama,1127,416,114,101.4001972,115,167,0,13,0,13,217,157.9841764,143,95.03683496,201,193.1320792,180,111.1260546,29,34,128,86.05230967,931,299,98,89.4427191,18,30,49,55,0,13,35,57.5847202,158,115.0391238,189,139.917833,204,138.6975126,60,61.6116872,120,66.9178601
1500000US010890104061,Block Group 1; Census Tract 104.06; Madison County; Alabama,482,184,19,21.21320344,25,35,6,18,4,11,12,30.11644069,28,25.61249695,84,71.19691005,218,160.1530518,49,39.69886648,37,43.96589587,582,213,32,45.88027899,6,15,0,13,21,33,50,58.50640991,60,49.67896939,183,161.6817862,74,58.69412236,29,29,127,86.91375035
1500000US010890104062,Block Group 2; Census Tract 104.06; Madison County; Alabama,883,306,123,102.9028668,35,40,51,55,41,44,243,185.0081079,57,59.43904441,71,65.8634952,100,71.02112362,39,44.92215489,123,68.81860214,1074,400,291,221.269067,0,13,6,20,21,25,126,133.1240023,235,160.8011194,51,46.01086828,64,52.34500931,160,94.9210198,120,69.5485442
1500000US010890105021,Block Group 1; Census Tract 105.02; Madison County; Alabama,1629,754,156,75,77,41,56,63,58,68,404,302.75898,219,155.2063143,308,294.0153057,102,54.64430437,91,76.83749085,158,160.0374956,2048,891,300,113.4548368,83,80,79,62,58,68,440,344.4357705,190,79.9812478,404,283.007067,181,88.76936408,25,26.41968963,288,274.1769502
1500000US010890105022,Block Group 2; Census Tract 105.02; Madison County; Alabama,665,155,58,52.35456045,27,27,10,19,19,20,59,52.94336597,61,38.27531842,56,34.20526275,203,89.49860334,103,89.49860334,69,45.89117562,636,120,39,30.88689042,26,23,17,23,27,42,21,29.29163703,58,43.56604182,104,55.75840744,146,70.22819946,103,61.52235366,95,56.42694392
1500000US010890105031,Block Group 1; Census Tract 105.03; Madison County; Alabama,593,280,66,76.11832894,94,105,14,23,0,13,0,26,133,104.2017274,31,49.72926704,172,139.3125981,18,32.69556545,65,61.6116872,728,322,37,59.43904441,30,46,0,13,27,59,131,134.6922418,114,91.93475948,175,134.4618905,113,104.4030651,13,23.85372088,88,73.80379394
1500000US010890105032,Block Group 2; Census Tract 105.03; Madison County; Alabama,769,304,73,78.08969202,134,120,0,13,0,13,57,69.6491206,73,72.56031973,168,149.0536816,18,33.61547263,50,62.12889827,196,169.1183018,825,420,81,85.98837131,66,68,0,13,36,67,180,218.4948512,62,66.06814664,72,74.33034374,119,133.9290857,33,60.41522987,176,155.1644289
1500000US010890105033,Block Group 3; Census Tract 105.03; Madison County; Alabama,567,295,186,156.952222,0,13,0,13,32,53,29,43.03486958,76,72.18032973,105,102.342562,52,64.32728814,48,59.6405902,39,73.03423855,555,235,46,55.54277631,47,44,0,13,20,32,87,80.67217612,60,39.2173431,103,102.5524256,36,63.34824386,19,36.40054945,137,144.7895024
1500000US010890105034,Block Group 4; Census Tract 105.03; Madison County; Alabama,1248,365,327,185.7229119,34,57,56,73,34,42,211,148.9664392,190,195.4328529,128,106,244,177.3414785,0,18.38477631,24,50.25932749,931,290,51,67.11929678,194,130,33,56,87,79,78,84.82334584,215,131.2440475,87,78.24321057,77,87.96590248,0,18.38477631,109,103.8315944
1500000US010890105041,Block Group 1; Census Tract 105.04; Madison County; Alabama,2141,476,214,142.2708684,155,118,288,189,12,26,267,169.649639,140,105,220,124.5230902,416,233.9764945,196,126.8266534,233,139.5922634,1545,420,260,186.0752536,129,124,10,20,57,76,24,47.65501023,177,117.0469991,196,96.5194281,248,144.5164351,138,94.76286192,306,158.6253448
1500000US010890105042,Block Group 2; Census Tract 105.04; Madison County; Alabama,578,192,113,88.09086218,76,91,28,46,0,13,31,60.35726965,0,18.38477631,47,50.69516742,173,112.4855546,50,58.46366393,60,62.22539674,592,235,51,62.36986452,117,150,0,13,0,13,71,85.03528679,25,43.01162634,90,68.02940541,157,101.1928851,0,18.38477631,81,65.32993188
1500000US010890105043,Block Group 3; Census Tract 105.04; Madison County; Alabama,500,259,0,18.38477631,75,93,61,60,123,144,54,68.32276341,32,52.63078947,53,51.03920062,0,18.38477631,62,62.36986452,40,58.86425061,463,154,50,60.41522987,32,42,49,56,0,13,37,65.96211034,118,98.85848471,96,85.86617495,12,24.69817807,25,42.05948169,44,64.5987616
1500000US010890105044,Block Group 4; Census Tract 105.04; Madison County; Alabama,529,248,22,38.27531842,0,13,0,13,0,13,187,236.0614327,53,84.01190392,9,23.85372088,33,43.96589587,67,75.80237463,158,122.4622391,323,145,0,18.38477631,18,37,0,13,0,13,0,26,32,51.66236541,61,63.34824386,68,80.95060222,50,51.2249939,94,83.51047838
1500000US010890105045,Block Group 5; Census Tract 105.04; Madison County; Alabama,296,113,17,33.61547263,0,13,23,38,14,24,86,89.01685234,16,31.78049716,21,37.33630941,64,58.5918083,25,43.01162634,30,54.41507144,401,178,17,32.69556545,0,13,0,13,0,13,105,110.3358509,16,31.78049716,70,68.01470429,108,79.93122043,28,49.72926704,57,69.45502142
1500000US010890106121,Block Group 1; Census Tract 106.12; Madison County; Alabama,374,140,24,40.16217126,0,13,0,13,0,13,63,74.95998933,24,40.16217126,50,61.84658438,41,49.09175083,72,70.21395873,100,69.33974329,514,180,0,18.38477631,31,52,0,13,12,20,133,89.14594775,21,36.40054945,84,78.87331615,81,65.76473219,53,48.82622246,99,70.96478
1500000US010890106122,Block Group 2; Census Tract 106.12; Madison County; Alabama,2228,335,468,176.663522,253,158,37,51,0,13,281,139.78555,449,170.5520448,184,102.1420579,131,80.15609771,184,140,241,118.4567432,2077,294,193,114.2147101,181,109,18,29,53,81,337,149.8666074,306,127.8632082,255,132.438665,358,148.7346631,81,57.30619513,295,138.1629473
1500000US010890106123,Block Group 3; Census Tract 106.12; Madison County; Alabama,1486,357,251,147.1461858,72,58,31,52,68,102,328,224.7887898,219,120.8014901,104,87.78382539,158,90.04998612,21,39.2173431,234,105.9292217,1532,474,172,118.0889495,126,102,125,128,0,13,198,174.8456462,262,177.5077463,180,112.25863,96,66.4003012,52,56.85068161,321,128.4601105
1500000US010890106231,Block Group 1; Census Tract 106.23; Madison County; Alabama,721,208,12,25.55386468,0,13,30,47,0,13,72,81.60882305,12,23.85372088,191,156.3489687,138,80.77747211,146,81.04936767,120,77.71743691,737,298,42,68.24954212,39,62,20,34,16,26,27,44.57577818,90,84.11896338,129,104.6231332,155,90.02777349,167,96.5194281,52,53.48831648
1500000US010890106232,Block Group 2; Census Tract 106.23; Madison County; Alabama,1425,512,118,92.09777413,97,71,118,68,0,13,38,66.90291473,165,106.8924693,425,406.773893,111,63.41135545,115,75.66372975,238,138.7912101,1884,1167,300,347.0864446,329,392,41,39,47,52,78,88.89881889,391,411.8701252,215,137.2953022,180,94.03190948,80,58.18075283,223,115.3429668
1500000US010890106233,Block Group 3; Census Tract 106.23; Madison County; Alabama,1255,418,61,67.26812024,153,93,146,215,0,13,211,178.3199372,75,85,229,143.6001393,256,119.0378091,50,49.24428901,74,60.058305,1356,276,91,76.83749085,93,67,92,84,0,13,174,127.2595772,159,98.89893832,232,142.0035211,202,100,128,81.39410298,185,97.95917517
1500000US010890106251,Block Group 1; Census Tract 106.25; Madison County; Alabama,712,354,16,29.06888371,0,13,0,13,68,86,363,195.2255106,41,53.25410782,49,75.70997292,138,101.2422837,37,59.43904441,0,31.84336666,777,410,0,18.38477631,0,13,0,13,264,230,340,199.0050251,37,47.80167361,100,78.08969202,36,50.69516742,0,18.38477631,0,31.84336666
1500000US010890106252,Block Group 2; Census Tract 106.25; Madison County; Alabama,1067,582,236,266.3174797,247,265,18,34,90,104,200,138.9568278,48,75.13321503,18,42.05948169,55,83.02409289,17,29,138,137.949266,1857,682,75,152.2005256,20,46,19,29,352,270,457,364.7053605,164,206.1940833,483,431.3513649,31,49.16299421,28,44.92215489,228,150.1399347
1500000US010890106253,Block Group 3; Census Tract 106.25; Madison County; Alabama,374,228,18,41.10960958,75,65,0,13,0,13,55,82.14621111,66,108.7795937,139,82.03657721,0,18.38477631,21,44.92215489,0,31.84336666,296,207,8,57.98275606,101,135,0,13,0,13,50,60.35726965,54,78.89233169,0,18.38477631,15,29.96664813,0,18.38477631,68,95.53009997
1500000US010890106261,Block Group 1; Census Tract 106.26; Madison County; Alabama,506,163,29,56.5154846,0,13,0,13,134,74,239,131.3049885,37,51.03920062,0,18.38477631,22,39.2173431,19,35.4682957,26,51.90375709,399,160,0,18.38477631,0,13,17,30,70,76,128,101.5627885,22,36.12478374,0,18.38477631,45,54.20332093,41,50.69516742,76,83.91066678
1500000US010890106262,Block Group 2; Census Tract 106.26; Madison County; Alabama,663,166,86,79.07591289,111,163,0,13,0,13,306,150.9271347,0,18.38477631,65,75.13321503,74,89.69392399,0,18.38477631,21,43.97726685,928,311,186,185,0,13,33,56,0,13,319,199.6371709,269,183.8613608,81,90.13878189,18,32.69556545,22,39.2173431,0,31.84336666
1500000US010890106263,Block Group 3; Census Tract 106.26; Madison County; Alabama,720,233,102,113.8463877,18,38,0,13,0,13,205,133.7086385,37,58.46366393,142,119.8540779,72,68.11754546,19,34.53983208,125,90.03888049,795,313,174,168.8342382,0,13,0,13,0,13,142,106.9532608,80,123.685084,137,117.6435294,119,108.0462864,0,18.38477631,143,107.5778788
1500000US010890106271,Block Group 1; Census Tract 106.27; Madison County; Alabama,1228,499,82,93.43446901,0,13,0,13,107,170,566,363.3565742,76,87.45856162,0,18.38477631,143,76.02631123,114,112.2942563,140,84.52218644,800,284,39,64.32728814,39,68,0,13,0,13,299,214.5297182,38,62.36986452,61,73.8241153,196,121.1981848,15,27.29468813,113,72.24956747
1500000US010890106272,Block Group 2; Census Tract 106.27; Madison County; Alabama,982,369,45,70.21395873,129,108,0,13,86,133,328,235.2828086,185,154.5639026,54,81.04936767,155,111.8302285,0,18.38477631,0,31.84336666,667,227,24,54.5710546,0,13,64,102,0,13,140,105.2948242,246,85,59,86.97700846,78,91.92388155,0,18.38477631,56,56.67450926
1500000US010890106273,Block Group 3; Census Tract 106.27; Madison County; Alabama,632,221,49,64.32728814,0,13,0,13,39,58,368,186.0618177,70,75.74298647,51,71.69379332,26,38.27531842,0,18.38477631,29,55.26300752,585,252,8,20.61552813,0,13,58,87,0,13,322,210.102356,75,63.78871374,0,18.38477631,37,65.30696747,57,65.30696747,28,53.57238094
1500000US010890106281,Block Group 1; Census Tract 106.28; Madison County; Alabama,899,463,85,84.11896338,0,13,53,79,34,49,234,238.1575109,89,62.20128616,14,26.41968963,96,73.79024326,230,214.580987,64,51.86520992,603,198,53,53.53503526,9,16,0,13,0,13,30,45.90206967,51,44.29446918,135,164.5144371,142,86.3539229,104,86.58521814,79,57.82732918
1500000US010890106282,Block Group 2; Census Tract 106.28; Madison County; Alabama,1148,338,162,116,115,93,122,89,10,22,126,108.1942697,160,93.23089617,203,107.9120012,97,60.46486583,45,41.10960958,108,69.49820142,1139,268,86,71.84010022,161,108,58,52,0,13,127,88.84255737,146,82.85529555,196,91.92388155,161,99.00505038,33,36.40054945,171,83.75559683
1500000US010890106291,Block Group 1; Census Tract 106.29; Madison County; Alabama,1251,249,83,80.5294977,150,105,51,50,20,29,72,56.24055476,204,110.1135777,205,102.4499878,292,120.7393888,99,58.46366393,75,52.30678732,1318,284,186,134.7367804,191,185,130,90,0,13,83,86.15683374,114,68.15423685,191,106.9439105,187,93.21480569,125,73.53910524,111,68.09552114
1500000US010890106292,Block Group 2; Census Tract 106.29; Madison County; Alabama,1526,523,307,292.6106628,94,97,11,18,76,115,130,97.50384608,393,268.8047619,92,70.68238819,156,128.4133949,50,44.55333882,217,117.3030264,1139,289,82,92.91393867,76,55,53,52,14,20,65,49.66890375,251,162.9294326,127,76.4198927,227,150.2331521,70,57.42821606,174,89.74965181
1500000US010890106301,Block Group 1; Census Tract 106.30; Madison County; Alabama,613,267,0,18.38477631,0,13,106,120,42,48,53,53.50700889,0,18.38477631,54,51.85556865,213,145.361618,20,25.55386468,125,66.51315659,601,258,12,26.41968963,0,13,131,135,16,25,35,41.50903516,20,38.27531842,73,53.60037313,169,116.2970335,36,27.29468813,109,69.8140387
1500000US010890106302,Block Group 2; Census Tract 106.30; Madison County; Alabama,1028,258,161,64.5368112,55,70,0,13,0,13,143,91.1592014,232,120.1665511,39,39.96248241,224,92.28217596,61,43.41658669,113,56.74504384,974,192,71,55.4616985,123,71,35,39,0,13,184,135.4769353,137,69.97142274,34,30.8058436,171,81.43709229,73,44.59820624,146,69.14477565
1500000US010890106311,Block Group 1; Census Tract 106.31; Madison County; Alabama,1762,398,320,153.4438008,225,139,76,105,18,31,201,100.4141424,288,126.2537128,257,147.4109901,225,162.4099751,37,40.36087214,115,70.07139217,1169,283,63,79.07591289,79,65,87,70,10,18,165,117.940663,255,101.2373449,233,140.7302384,129,74.33034374,44,47.42362281,104,78.67019766
1500000US010890106312,Block Group 2; Census Tract 106.31; Madison County; Alabama,1058,194,43,34.82814953,52,44,41,50,7,14,39,41.32795664,168,87.658428,115,69.92138443,218,112.4455424,111,69.97142274,264,116.1765897,1282,267,205,135.8712626,66,49,97,57,5,10,35,43.06971093,185,89.62700486,122,61.29437168,178,101.8724693,124,74.51845409,265,120.9793371
1500000US010890107031,Block Group 1; Census Tract 107.03; Madison County; Alabama,784,230,116,102.3572176,72,60,8,18,12,17,94,75.96709814,160,116.4817582,121,97.04638066,60,54.5710546,57,50.80354318,84,67.867518,829,343,259,192.50974,43,54,13,24,0,13,87,76.2758153,203,104.8093507,54,48.7954916,66,43.08131846,42,38.07886553,62,61.04096985
1500000US010890107032,Block Group 2; Census Tract 107.03; Madison County; Alabama,2091,342,293,161.4187102,162,90,23,31,26,30,200,132.7026752,441,155.8011553,288,113.8771268,340,161.9289968,102,98.89893832,216,101.8920998,2455,417,372,168.4399003,200,81,63,58,62,56,334,198.0555478,315,161.3350551,332,148.7346631,412,154.7772593,49,74.43117626,316,130.6522101
1500000US010890107041,Block Group 1; Census Tract 107.04; Madison County; Alabama,1340,313,256,113.4636506,171,97,45,49,0,13,83,81.18497398,86,76.02631123,135,91.5259526,223,100.9603883,80,82.21921916,261,155.5859891,1316,268,96,77.23341246,135,72,46,45,68,82,89,79.35993952,148,88.40814442,155,85.44003745,206,101.2422837,87,81.70679286,286,134.1827113
1500000US010890107042,Block Group 2; Census Tract 107.04; Madison County; Alabama,886,363,76,76.94153625,56,58,0,13,0,13,91,93.07523838,258,236.9852316,102,101.5923225,138,90.8735385,77,70.29224708,88,66.21178143,1164,483,73,80.05623024,51,46,0,13,0,13,67,73.18469785,140,97.14422268,102,96.13532129,267,278.4977558,239,208.146583,225,130.7975535
1500000US010890107043,Block Group 3; Census Tract 107.04; Madison County; Alabama,830,331,0,18.38477631,0,13,2,4,136,171,138,145.0068964,107,80.62257748,127,107.9351657,118,75.82216035,57,73.1641989,145,89.79420917,708,242,88,68.8839604,32,42,0,13,24,40,46,55.45268253,71,59.20304046,154,90.13878189,83,59.03388857,63,58.52349955,147,81.46778504
1500000US010890107051,Block Group 1; Census Tract 107.05; Madison County; Alabama,475,185,0,18.38477631,2,46,36,56,33,44,92,100.1898198,94,85.0411665,89,63.03173804,1,23.85372088,51,54.56189146,77,50.93132631,469,172,29,49.72926704,27,31,34,36,11,20,60,72.58098925,10,23.02172887,32,41.10960958,149,101.1928851,11,25.55386468,106,75.72978278
1500000US010890107052,Block Group 2; Census Tract 107.05; Madison County; Alabama,1759,524,366,185.8843727,31,52,50,82,0,13,271,193.0906523,187,166.5322792,79,72.36711961,181,105.7213318,242,267.3162921,352,236.9472515,1583,473,188,135.6244816,139,127,29,40,0,13,342,226.7663996,241,110.7519752,78,72.00694411,224,127.4872543,56,67.08203932,286,167.9315337
1500000US010890107061,Block Group 1; Census Tract 107.06; Madison County; Alabama,304,119,0,18.38477631,30,42,15,26,38,36,23,33.51119216,16,29.06888371,75,70.21395873,25,27.29468813,43,40.36087214,39,45.13313639,351,126,29,38.07886553,17,30,15,24,0,13,0,26,33,37.80211634,80,68.79680225,63,48.3011387,30,29.96664813,84,75.45197148
1500000US010890107062,Block Group 2; Census Tract 107.06; Madison County; Alabama,846,304,215,149.8332406,86,87,0,13,0,13,111,87.64701934,34,47.12748667,137,101.8331969,184,118.9663818,65,50.69516742,14,36.45545227,826,320,117,117.0982493,152,177,0,13,0,13,71,73.87827827,115,78.64477096,128,108.2589488,91,89.31965069,34,27.45906044,118,72.71175971
1500000US010890107063,Block Group 3; Census Tract 107.06; Madison County; Alabama,878,177,24,33.01514804,19,26,102,94,0,13,83,75.17978452,47,39.81205847,159,90.42676595,120,83.19254774,121,91.98369421,203,95.7340065,1121,233,78,78.64477096,30,39,68,79,49,77,87,75.13321503,73,56.85068161,172,97.65244493,188,99.24716621,142,98.48857802,234,99.32774033
1500000US010890108011,Block Group 1; Census Tract 108.01; Madison County; Alabama,1025,332,55,69.46221995,150,138,80,80,37,42,149,126.0079363,62,57.42821606,201,106.0660172,127,75.69015788,89,72.13875519,75,59.75784467,1010,249,30,38.41874542,149,99,23,28,0,13,64,60.01666435,138,77.78174593,172,108.5587399,131,75.45197148,65,63.41135545,238,149.6930192
1500000US010890108012,Block Group 2; Census Tract 108.01; Madison County; Alabama,1562,545,209,154.304893,145,115,33,48,6,12,30,42.74342055,367,332.2002408,115,97.86725704,160,121.6593605,318,326.741488,179,197.3220718,1570,348,192,93.00537619,178,121,128,111,25,49,153,110.630014,363,264.7054967,58,57.27128425,248,138.9244399,80,65.29931087,145,122.1392648
1500000US010890108013,Block Group 3; Census Tract 108.01; Madison County; Alabama,463,229,15,29.96664813,70,90,30,50,18,29,42,52.52618395,34,54.5710546,41,48.01041554,157,103.7304198,20,35.4682957,36,51.07837116,574,196,15,29.06888371,60,92,0,13,0,13,37,50.47771786,14,28.17800561,26,43.01162634,152,104.1393297,38,44.55333882,232,151.1158496
1500000US010890108021,Block Group 1; Census Tract 108.02; Madison County; Alabama,468,232,49,82.03657721,0,13,0,13,0,13,31,45.033321,46,76.11832894,0,18.38477631,29,46.84015371,92,103.8171469,221,148.6775033,437,230,49,81.04936767,0,13,0,13,0,13,31,44.17012565,47,77.1038261,74,109.658561,154,119.7747887,82,99.84988733,0,31.84336666
1500000US010890108022,Block Group 2; Census Tract 108.02; Madison County; Alabama,1199,401,150,134.617978,51,82,0,13,0,13,71,87.93179175,275,219.0091322,73,88.95504483,414,278.7920372,69,65.9241989,96,83.18653737,1259,435,338,222.8003591,0,13,0,13,0,13,246,195.1512234,113,119.0798052,96,97.08243919,383,265.6501459,0,18.38477631,83,74.45132638
1500000US010890108023,Block Group 3; Census Tract 108.02; Madison County; Alabama,773,286,0,18.38477631,51,78,71,89,0,13,59,65.56675987,97,130.6483831,80,61.7170965,84,81.93289938,26,46.84015371,305,201.1342835,848,295,20,38.27531842,72,73,0,13,0,13,0,26,116,126.8463638,83,81.49233093,108,97.20082304,42,55.54277631,407,272.7782983
1500000US010890109021,Block Group 1; Census Tract 109.02; Madison County; Alabama,381,85,25,18.68154169,10,8,21,19,22,31,68,48.64154603,54,33.54101966,36,20.88061302,47,26.07680962,37,21.09502311,61,31.35283081,508,118,93,64.40496875,7,9,9,9,7,12,81,54.16641026,63,33.10589071,35,22.47220505,69,39.35733731,38,22.20360331,106,35.93048845
1500000US010890109022,Block Group 2; Census Tract 109.02; Madison County; Alabama,230,104,10,20.61552813,0,13,32,32,0,13,9,26.51414717,45,28.46049894,21,22.02271555,28,23.32380758,55,48.76474136,30,32.44996148,241,74,10,19.84943324,19,25,0,13,0,13,15,28.21347196,10,20.61552813,39,29.06888371,35,27.01851217,25,22.8035085,88,45.66180023
1500000US010890109023,Block Group 3; Census Tract 109.02; Madison County; Alabama,549,217,100,60.30754513,16,22,17,22,0,13,41,31.78049716,13,23.85372088,68,48.76474136,58,45.17742799,62,49.65883607,174,139.1366235,543,169,36,37.21558813,28,38,25,39,5,8,27,32.17141588,11,21.40093456,28,25.55386468,84,47.16990566,59,43.8634244,240,140.5844942
1500000US010890109031,Block Group 1; Census Tract 109.03; Madison County; Alabama,765,249,111,89.37561189,37,62,30,53,0,13,46,53.8423625,265,218.6801317,109,86.28441342,13,26.41968963,18,39.2173431,136,96.94328239,987,319,111,85.98837131,38,55,51,55,34,42,47,52.60228132,242,167.1466422,64,68.24954212,157,148.5698489,38,59.43904441,205,130.5641605
1500000US010890109032,Block Group 2; Census Tract 109.03; Madison County; Alabama,930,435,265,228.1096228,31,47,104,116,0,13,0,26,200,168.5051928,28,44.92215489,81,97.86214794,13,24.69817807,208,145.6639969,690,232,54,56.5154846,60,57,0,13,0,13,0,26,181,150.5622795,61,60.41522987,48,56.5154846,50,79.07591289,236,170.1176064
1500000US010890109033,Block Group 3; Census Tract 109.03; Madison County; Alabama,1403,390,208,144.8102206,147,141,17,28,20,29,293,205.9975728,42,46.75467891,328,153.3883959,166,122.8739191,39,50.69516742,143,113.1547613,1805,666,336,345.9508636,295,152,76,92,8,18,194,226.3249876,236,154.029218,340,164.7573974,59,60.41522987,160,125.5388386,101,79.42291861
1500000US010890109041,Block Group 1; Census Tract 109.04; Madison County; Alabama,1297,187,316,175.3539278,42,49,71,64,0,13,19,32.90896534,141,115.7670074,221,115.7626883,320,203.002463,36,34.66987165,131,112.7253299,1300,249,187,119.4361754,31,39,27,31,17,31,54,49.81967483,105,89.47066558,467,262.0019084,148,79.81227976,11,23.02172887,253,174.8971126
1500000US010890109042,Block Group 2; Census Tract 109.04; Madison County; Alabama,716,297,50,47.63402146,152,137,55,62,6,11,25,35.94440151,24,29.06888371,101,89.14033879,134,82.63776376,84,96.04686356,85,93.18798206,477,211,24,32.69556545,7,12,86,93,4,7,10,28.82707061,21,20.59126028,107,98.97979592,175,117.7837001,19,22.6715681,24,38.94868419
1500000US010890109051,Block Group 1; Census Tract 109.05; Madison County; Alabama,1370,617,192,143.8923209,100,118,87,119,106,137,20,39.94996871,124,107.4895344,194,134.8332303,364,396.7933971,50,43.96589587,133,88.45903006,1208,437,96,98.85848471,123,132,78,86,34,54,56,88.89881889,63,74.43117626,208,132.9699214,286,333.4861316,68,46.84015371,196,120.5404496
1500000US010890109052,Block Group 2; Census Tract 109.05; Madison County; Alabama,841,295,0,18.38477631,97,153,16,24,0,13,28,52.11525688,86,99.84988733,154,140.2925515,122,100,94,89.81091248,244,103.8123307,1000,371,143,149.9333185,85,115,0,13,0,13,22,41.61730409,92,115.7324501,175,143.8401891,96,90.13878189,85,71.58910532,302,126.7201641
1500000US010890109053,Block Group 3; Census Tract 109.05; Madison County; Alabama,1950,439,212,141.4849815,304,229,42,51,0,13,142,131.43059,218,141.3152504,148,116.2970335,439,211.6317557,114,93.53608929,331,174.1206478,1625,390,167,126.589889,44,66,105,135,9,17,123,127.3852425,206,122.380554,178,122.7884359,334,146.6049112,163,123.9879026,296,181.5791838
1500000US010890110121,Block Group 1; Census Tract 110.12; Madison County; Alabama,1129,218,151,91.98369421,14,24,88,91,12,22,41,53.01886457,75,81.74350127,128,94.04786016,264,131.1030129,141,74.33034374,215,122.8006515,1121,269,162,105.8914539,25,29,43,45,54,64,84,107.3871501,175,110.2769242,135,95.52486587,199,108.0462864,66,49.64876635,178,102.6401481
1500000US010890110122,Block Group 2; Census Tract 110.12; Madison County; Alabama,970,273,73,53.00943312,98,88,75,81,21,26,81,71.74956446,107,70.80254233,57,52.80151513,96,66.06814664,110,89.47066558,252,137.7751792,982,259,137,76.05918748,45,67,33,48,0,13,14,32.90896534,108,75.43208866,98,71.61005516,114,72.9451849,180,108.3005078,253,139.1869247
1500000US010890110123,Block Group 3; Census Tract 110.12; Madison County; Alabama,796,209,132,80.0624756,123,79,0,13,20,30,49,58.91519329,94,68.00735254,137,80.72174428,124,72.86288493,21,27.65863337,96,70.75309181,745,188,84,59.46427499,61,56,88,54,0,13,44,55.4616985,124,70.43436661,129,71.50524456,109,67.80117993,20,31.78049716,86,69.91423317
1500000US010890110131,Block Group 1; Census Tract 110.13; Madison County; Alabama,503,147,32,27.80287755,22,25,0,13,28,38,107,85.20563362,58,44.04543109,58,43.18564576,47,33.24154028,39,35.38361203,112,60.53924347,503,157,33,38.48376281,21,23,25,46,7,12,29,37.98683983,52,41.77319715,104,73.24616031,75,46.75467891,40,38.58756276,117,74.43117626
1500000US010890110132,Block Group 2; Census Tract 110.13; Madison County; Alabama,1337,280,150,101.2373449,81,76,91,65,60,63,38,39.43348831,178,103.247276,170,112.6055061,316,116.7775663,60,47.75981575,193,81.19113252,1006,245,99,60.10823571,43,47,100,69,4,6,38,38.31448812,125,81.98780397,236,119.6202324,163,91.0659102,73,52.49761899,125,64.78425735
1500000US010890110133,Block Group 3; Census Tract 110.13; Madison County; Alabama,604,234,0,18.38477631,103,141,47,57,12,17,34,45.033321,66,59.40538696,73,61.29437168,125,101.1187421,58,58.52349955,86,64.35837164,661,166,7,18.38477631,27,35,49,50,17,26,74,51.64300533,114,100.623059,145,89.9888882,61,48.84669897,100,69.4046108,67,45.3431362
1500000US010890110211,Block Group 1; Census Tract 110.21; Madison County; Alabama,736,299,55,67.67569726,62,81,0,13,0,13,195,139.309009,65,62.62587325,151,107.3545528,127,88.41379983,66,77.87810989,15,37.69615365,468,206,40,45.45327271,9,14,6,12,76,100,29,51.21523211,69,54.67174773,84,84.01190392,89,72.18032973,34,39.8246155,32,45.23273151
1500000US010890110212,Block Group 2; Census Tract 110.21; Madison County; Alabama,1007,347,218,148.3846353,5,12,50,81,34,50,218,108.8577053,104,98.06120538,127,124.6154084,81,66.88796603,73,69.3181073,97,97.88769075,934,290,61,95.8853482,36,39,15,23,0,13,221,118.148212,101,113.507709,63,55.97320788,149,101.6070864,192,157.5372972,96,108.9082182
1500000US010890110213,Block Group 3; Census Tract 110.21; Madison County; Alabama,461,254,37,42.95346319,38,58,92,118,0,13,107,110.9188893,78,97.86214794,80,68.68041933,29,40.16217126,0,18.38477631,0,31.84336666,1029,396,70,107.3778376,0,13,0,13,25,36,325,214.1728274,420,307.5142273,0,18.38477631,18,33.61547263,23,39.2173431,148,98.32598843
1500000US010890110231,Block Group 1; Census Tract 110.23; Madison County; Alabama,498,193,67,71.19691005,60,68,17,28,22,39,28,41.61730409,48,45.80392996,49,58.13776741,79,54.45181356,47,44.10215414,81,91.02746838,699,296,130,107.6289924,118,123,0,13,0,13,54,47.85394446,110,81.0061726,59,60.8276253,81,55.31726674,9,21.40093456,138,91.23047736
1500000US010890110232,Block Group 2; Census Tract 110.23; Madison County; Alabama,1110,297,232,156.7801008,83,124,21,40,29,26,74,47.67598976,115,80.26207074,38,42.42640687,359,142.6359001,74,61.39218191,85,66.64082833,876,243,129,97.18538985,50,48,16,26,0,13,0,26,114,85.44588931,119,88.50988645,235,86.68333173,47,42.01190308,166,104.8427394
1500000US010890110233,Block Group 3; Census Tract 110.23; Madison County; Alabama,1955,417,380,190.0657781,131,67,123,96,32,45,118,97.43202759,486,191.6715941,136,86.55634003,271,125.1758763,51,48.02082881,227,112.3788236,1595,292,300,137.2005831,102,67,78,88,0,13,24,45.90206967,401,158.5496768,190,89.93886813,199,105.8158778,131,74.70609078,170,100.4788535
1500000US010890110241,Block Group 1; Census Tract 110.24; Madison County; Alabama,1183,238,243,117.4137982,57,50,21,31,19,22,114,67.72001181,133,83.21658489,179,93.05912099,263,131.8825235,116,60.80296045,38,45.35416188,1377,268,304,114.629839,63,54,161,141,8,14,98,75.51820972,138,71.42128534,307,138.0615805,99,60.74537019,130,65.8559033,69,51.8748494
1500000US010890110242,Block Group 2; Census Tract 110.24; Madison County; Alabama,1689,441,257,142.3024947,200,188,67,63,123,172,43,60.72067193,232,160.4306704,166,100.895986,230,114.0219277,145,72.20110802,226,237.7708981,1389,368,134,96.8297475,117,98,100,85,40,61,94,66.72330927,179,79.15806971,197,120.2829996,249,93.02150289,98,59.03388857,181,227.2377609
1500000US010890110251,Block Group 1; Census Tract 110.25; Madison County; Alabama,490,256,18,30.87069808,59,53,77,83,0,13,105,168.0833127,19,35.4682957,52,48.01041554,37,42.43819035,53,72.18032973,70,54.59853478,312,108,0,18.38477631,0,13,22,36,0,13,0,26,16,28.17800561,36,40.22437072,0,18.38477631,135,91.98369421,103,64.56004957
1500000US010890110252,Block Group 2; Census Tract 110.25; Madison County; Alabama,610,319,182,150.0833102,36,59,38,64,0,13,0,26,69,65.76473219,212,160.6393476,73,119.707978,0,18.38477631,0,31.84336666,993,354,192,173.0809059,101,149,144,162,22,38,109,95.43584232,197,179.2010045,129,144.5856148,10,22.20360331,63,79.0569415,26,40.76763422
1500000US010890110253,Block Group 3; Census Tract 110.25; Madison County; Alabama,724,308,121,92.59049627,190,196,0,13,0,13,0,26,104,78.77182237,132,108.7795937,50,48.76474136,34,39.2173431,93,61.38403701,659,269,124,80.77747211,17,28,16,26,0,13,0,26,68,71.69379332,246,169.1892432,38,36.12478374,32,39.2173431,118,66.91038783
1500000US010890110254,Block Group 4; Census Tract 110.25; Madison County; Alabama,1454,308,263,124.8078523,152,94,139,102,12,20,68,67.73477689,103,71.02816343,348,155.6020565,168,99.70456359,88,58.82176468,113,71.91661839,1429,341,330,150.7647174,87,58,138,107,0,13,71,67.83804242,257,121.8400591,202,104.2784733,170,100.7025322,83,54.40588203,91,60.85228015
1500000US010890110261,Block Group 1; Census Tract 110.26; Madison County; Alabama,894,211,107,83.23460819,198,99,95,81,0,13,0,26,46,39.05124838,177,90.97252332,78,66.64082833,143,91.67878708,50,41.19465985,909,293,122,76.21679605,107,74,123,107,0,13,0,26,101,53.66563146,249,142.126704,105,61.07372594,57,55.03635162,45,46.91481642
1500000US010890110262,Block Group 2; Census Tract 110.26; Madison County; Alabama,1019,250,109,69.89277502,136,61,39,36,60,64,86,60.32412453,8,19.84943324,207,102.5524256,196,165.1302516,39,36.40054945,139,86.19164693,1060,296,84,46.75467891,95,63,115,106,43,48,96,78.19846546,69,45.22167622,145,74.09453421,209,133.9589489,37,36.40054945,167,95.57719393
1500000US010890110271,Block Group 1; Census Tract 110.27; Madison County; Alabama,764,267,16,29.06888371,102,103,0,13,16,33,218,181.8845788,157,76.69419796,77,81.04936767,94,80.05623024,84,70.21395873,0,31.84336666,742,234,120,94.79451461,0,13,0,13,0,13,90,67.37210105,118,88.6171541,237,163.6001222,86,73.57309291,43,43.96589587,48,51.25426811
1500000US010890110272,Block Group 2; Census Tract 110.27; Madison County; Alabama,782,265,36,39.2173431,122,141,23,39,0,13,44,56.66568627,129,75.43208866,109,103.4794666,33,38.94868419,82,67.62396025,204,146.342065,948,299,175,115.8317746,23,35,0,13,0,13,74,68.78953409,208,100.8017857,205,210.447143,18,24.20743687,70,72.18032973,175,79.72452571
1500000US010890110281,Block Group 1; Census Tract 110.28; Madison County; Alabama,837,408,61,61.6116872,99,95,59,60,0,13,29,38.14446225,327,337.8712773,45,44.40720662,109,87.96590248,39,36.89173349,69,75.97367965,772,421,20,25.23885893,11,18,0,13,0,13,55,53.47896783,76,56.60388679,93,68.15423685,96,85.60373824,311,393.1462832,110,73.09582751
1500000US010890110282,Block Group 2; Census Tract 110.28; Madison County; Alabama,481,201,0,18.38477631,0,13,115,119,0,13,265,159.2325344,0,18.38477631,24,41.10960958,0,18.38477631,0,18.38477631,77,97.85703858,712,338,0,18.38477631,0,13,133,78,0,13,309,187.2431574,0,18.38477631,0,18.38477631,186,170.0735135,0,18.38477631,84,99.62931296
1500000US010890110283,Block Group 3; Census Tract 110.28; Madison County; Alabama,779,275,0,18.38477631,0,13,52,76,51,81,155,98.71676656,94,87.09190548,86,78.29431652,117,135.5175265,138,125.399362,86,68.79680225,849,226,13,24.69817807,111,128,16,25,0,13,232,215.4599731,25,24.69817807,141,121.7579566,105,95.18928511,77,64.84597135,129,75.17978452
1500000US010890111001,Block Group 1; Census Tract 111; Madison County; Alabama,257,123,14,23.02172887,13,17,18,22,33,27,101,61.26173357,13,19.84943324,42,26.90724809,13,19.10497317,0,18.38477631,10,30.14962686,160,110,12,19.84943324,6,8,31,27,0,13,62,40.86563348,8,17.69180601,23,19.20937271,12,18.38477631,6,15.26433752,0,31.84336666
1500000US010890111002,Block Group 2; Census Tract 111; Madison County; Alabama,366,113,37,26.17250466,31,44,0,13,5,8,20,25.51470164,49,24.04163056,51,49.72926704,117,42.54409477,0,18.38477631,56,33.61547263,333,92,10,12.72792206,32,28,17,17,22,29,45,43.74928571,27,18.78829423,51,28.60069929,108,38.41874542,0,18.38477631,21,25.51470164
1500000US010890112011,Block Group 1; Census Tract 112.01; Madison County; Alabama,713,228,33,46.22769733,33,47,22,28,67,74,63,70.44146506,186,138.6975126,175,108.5587399,34,52.63078947,51,68.00735254,49,85.11756575,863,266,122,126.6570172,116,94,18,22,38,43,24,42.46174749,151,108.7060256,193,138.6578523,66,65.94694838,51,61.40032573,84,102.1763182
1500000US010890112012,Block Group 2; Census Tract 112.01; Madison County; Alabama,1388,377,0,18.38477631,60,69,0,13,0,13,85,77.73030297,312,187.2164523,96,87.8179936,289,141.1134296,232,188.8200201,314,192.4370027,1940,350,27,48.76474136,0,13,0,13,0,13,547,237.9978992,155,109.658561,128,106.7941946,497,253.8424708,288,167.5857989,298,176.4284558
1500000US010890112021,Block Group 1; Census Tract 112.02; Madison County; Alabama,802,299,106,124.4266852,25,40,0,13,0,13,159,121.7661694,211,160.6549097,174,139.0863041,77,76.96752562,0,18.38477631,50,86.0581199,927,342,181,135.1924554,41,60,0,13,0,13,263,186.949191,203,151.4001321,46,53.60037313,70,96.87620967,109,140.014285,14,36.45545227
1500000US010890112022,Block Group 2; Census Tract 112.02; Madison County; Alabama,1167,472,223,232.3639387,0,13,0,13,0,13,330,216.1457841,294,212.8497122,125,196.4306493,69,80.0624756,51,72.44998275,75,61.62791575,914,368,127,163.5175832,0,13,0,13,0,13,40,49.54795657,230,170.4963343,183,276.3059898,131,102.8250942,42,66.28725368,161,123.7255026
1500000US010890112023,Block Group 3; Census Tract 112.02; Madison County; Alabama,869,311,56,65.74191966,41,70,33,54,0,13,157,119.6285919,114,107.4150827,101,96.38464608,200,156.1185447,0,18.38477631,167,96.7780967,981,365,33,53.60037313,33,51,37,61,0,13,83,103.0436801,145,123.6486959,91,90.35485598,181,150.5622795,97,83.02409289,281,169.7203582
1500000US010890112031,Block Group 1; Census Tract 112.03; Madison County; Alabama,401,167,14,37.33630941,7,17,0,13,0,13,0,26,177,131.0267148,52,43.46262762,30,49.72926704,21,38.27531842,100,89.6548939,500,296,88,119.707978,85,100,0,13,0,13,22,41.61730409,91,83.02409289,80,99.84988733,30,49.72926704,104,93.90420651,0,31.84336666
1500000US010890112032,Block Group 2; Census Tract 112.03; Madison County; Alabama,1867,197,313,153.4046935,84,99,59,68,8,14,204,132.3518039,448,195,252,123.8910812,251,152.2793486,52,81.04936767,196,122.8372908,1643,196,335,186.868938,41,54,35,38,14,27,191,96.70056877,421,170.9502852,214,100.4191217,217,139.3448959,8,18.38477631,167,115.6546584
1500000US010890112033,Block Group 3; Census Tract 112.03; Madison County; Alabama,537,202,21,41.10960958,70,108,8,20,0,13,23,43.31281566,11,24.69817807,140,125.8014308,89,80.62257748,0,18.38477631,175,129.8152533,844,420,152,128.1444497,74,88,0,13,0,13,21,39.12799509,77,91.92388155,8,23.02172887,137,86.21484791,0,18.38477631,375,217.6786623
1500000US010890113011,Block Group 1; Census Tract 113.01; Madison County; Alabama,843,134,76,67.60177512,53,36,20,23,19,22,70,46.4865572,133,87.31551981,91,52.80151513,111,47.01063709,114,61.84658438,156,61.94352266,965,199,78,48.10405388,125,92,19,22,34,28,57,47.42362281,156,93.86160024,168,68.60029154,116,54.58937626,125,61.6116872,87,47.40253158
1500000US010890113012,Block Group 2; Census Tract 113.01; Madison County; Alabama,906,131,124,47.16990566,41,27,98,62,13,12,132,55.1724569,58,25.8069758,229,81.46778504,55,36.06937759,52,42.54409477,104,55.5967625,1016,161,161,72.01388755,161,95,76,63,20,22,131,55.45268253,180,61.40032573,106,42.52058325,43,31.78049716,33,29.12043956,105,65.4369926
1500000US010890113021,Block Group 1; Census Tract 113.02; Madison County; Alabama,682,182,53,59.43904441,0,13,0,13,13,22,46,53.68426213,94,74.24957912,107,78.71467462,146,75.95393341,110,73.66138744,113,61.14736298,842,252,21,27.78488798,43,43,32,40,23,38,27,39.94996871,20,23.34523506,79,57.80138407,169,83.76156637,48,44.55333882,380,206.5429737
1500000US010890113022,Block Group 2; Census Tract 113.02; Madison County; Alabama,957,442,135,109.658561,68,79,127,154,48,68,73,81.18497398,113,77.36924454,99,130.6483831,123,77.49193506,49,52.63078947,122,84.04165634,730,362,24,30.6757233,158,199,18,28,1,4,28,36.57868232,122,82.73451517,135,163.3554407,150,89.18520057,34,45.88027899,60,45.254834
1500000US010890113023,Block Group 3; Census Tract 113.02; Madison County; Alabama,1125,336,236,126.2893503,101,90,25,40,34,56,97,70.34202158,179,100.6479011,131,77.4209274,185,90,31,39.2173431,106,65.88626564,906,210,203,99.74467404,78,60,23,36,0,13,15,27.62245463,198,97.90812019,150,67.9779376,140,79.64923101,29,36.40054945,70,50.97057975
1500000US010890114001,Block Group 1; Census Tract 114; Madison County; Alabama,325,150,59,59.20304046,35,44,0,13,0,13,0,26,64,44.55333882,65,43.27817002,0,18.38477631,35,34.17601498,67,54.4334456,290,108,16,25.55386468,35,34,0,13,0,13,23,32.90896534,29,31.40063694,97,81.27115109,16,22.20360331,32,34.53983208,42,37.21558813
1500000US010890114002,Block Group 2; Census Tract 114; Madison County; Alabama,302,142,30,29.54657341,31,44,39,36,0,13,24,32.55764119,52,49.72926704,2,15.8113883,90,56.40035461,6,15.8113883,28,33.346664,279,126,18,22.47220505,53,46,0,13,0,13,9,26.51414717,34,42.05948169,33,31.144823,54,37.69615365,31,29.96664813,47,40.17461885
1500000US010890114003,Block Group 3; Census Tract 114; Madison County; Alabama,511,175,54,40.45985665,52,73,36,46,6,9,42,45.14421336,40,54.74486277,34,42.95346319,43,31.144823,69,49.49747468,135,79.55501241,598,186,63,50,73,75,2,5,0,13,71,51.16639522,86,63.34824386,29,37.36308338,57,36.06937759,77,46.95742753,140,78.08328887
1500000US010890114004,Block Group 4; Census Tract 114; Madison County; Alabama,898,369,285,227.7740108,30,33,35,41,0,13,52,46.77606225,256,188.600106,69,46.14108798,86,45.27692569,25,22.8035085,60,43.74928571,856,294,95,74.06078585,182,172,26,29,5,8,71,53.42284156,226,144.5337331,110,74.41102069,57,43.84062043,38,36.68787266,46,33.36165464
