GEO_ID,NAME,Married,Married_MOE,Married (Children under 18),Married (Children under 18)_MOE,Married (No children under 18),Married (No children under 18)_MOE,Female (No spouse/partner present),Female (No spouse/partner present)_MOE,Female (Living alone),Female (Living alone)_MOE,"Female (No spouse/partner present, children under 18)","Female (No spouse/partner present, children under 18)_MOE",Male (No spouse/partner present),Male (No spouse/partner present)_MOE,Male (Living alone),Male (Living alone)_MOE,"Male (No spouse/partner present, children under 18)","Male (No spouse/partner present, children under 18)_MOE"
1500000US010890002031,Block Group 1; Census Tract 2.03; Madison County; Alabama,143,160,30,33,113,158,194,91,48,37,90,68,79,61,43,42,0,13
1500000US010890002032,Block Group 2; Census Tract 2.03; Madison County; Alabama,35,29,15,23,20,14,131,118,19,28,40,39,64,79,64,79,0,13
1500000US010890002033,Block Group 3; Census Tract 2.03; Madison County; Alabama,104,51,18,27,86,47,310,194,89,51,160,178,133,65,10,16,73,63
1500000US010890003011,Block Group 1; Census Tract 3.01; Madison County; Alabama,147,69,15,24,132,67,164,78,23,28,37,60,122,78,101,75,0,13
1500000US010890003012,Block Group 2; Census Tract 3.01; Madison County; Alabama,138,83,71,67,67,47,174,78,69,39,45,52,59,45,43,36,0,13
1500000US010890003013,Block Group 3; Census Tract 3.01; Madison County; Alabama,81,61,9,14,72,59,371,183,122,87,147,132,135,93,64,69,25,46
1500000US010890003021,Block Group 1; Census Tract 3.02; Madison County; Alabama,295,142,85,88,210,112,370,149,114,95,71,72,183,97,149,97,34,53
1500000US010890003022,Block Group 2; Census Tract 3.02; Madison County; Alabama,92,64,9,11,83,63,447,269,221,229,146,108,103,80,86,76,0,13
1500000US010890004031,Block Group 1; Census Tract 4.03; Madison County; Alabama,377,149,29,33,348,156,385,127,169,75,138,107,121,78,111,77,0,13
1500000US010890004032,Block Group 2; Census Tract 4.03; Madison County; Alabama,49,38,12,22,37,32,55,64,0,13,33,47,67,65,46,54,0,13
1500000US010890004033,Block Group 3; Census Tract 4.03; Madison County; Alabama,429,224,43,42,386,217,231,100,142,87,0,13,92,62,92,62,0,13
1500000US010890005011,Block Group 1; Census Tract 5.01; Madison County; Alabama,118,41,22,20,96,37,200,69,69,43,74,57,26,17,13,15,0,13
1500000US010890005012,Block Group 2; Census Tract 5.01; Madison County; Alabama,142,80,25,39,117,71,102,66,64,51,31,38,36,34,21,22,15,26
1500000US010890005021,Block Group 1; Census Tract 5.02; Madison County; Alabama,93,83,14,21,79,91,211,83,136,62,30,43,108,61,59,52,18,27
1500000US010890005022,Block Group 2; Census Tract 5.02; Madison County; Alabama,103,42,55,41,48,35,156,69,65,36,5,7,183,109,85,65,0,13
1500000US010890005031,Block Group 1; Census Tract 5.03; Madison County; Alabama,95,35,29,24,66,30,176,72,106,62,55,47,54,42,36,38,0,13
1500000US010890005032,Block Group 2; Census Tract 5.03; Madison County; Alabama,80,45,33,30,47,33,239,116,114,73,19,25,133,81,120,78,0,13
1500000US010890006011,Block Group 1; Census Tract 6.01; Madison County; Alabama,90,46,56,39,34,20,57,39,57,39,0,13,155,102,103,69,0,13
1500000US010890006012,Block Group 2; Census Tract 6.01; Madison County; Alabama,56,38,0,13,56,38,135,45,12,10,38,35,59,43,39,36,13,26
1500000US010890006021,Block Group 1; Census Tract 6.02; Madison County; Alabama,163,77,26,27,137,76,180,71,124,61,15,15,66,46,20,21,0,13
1500000US010890006022,Block Group 2; Census Tract 6.02; Madison County; Alabama,98,48,11,13,87,45,110,60,36,30,14,16,75,40,68,40,7,10
1500000US010890007011,Block Group 1; Census Tract 7.01; Madison County; Alabama,33,36,0,13,33,36,381,122,139,99,152,92,75,63,63,61,12,21
1500000US010890007012,Block Group 2; Census Tract 7.01; Madison County; Alabama,142,82,63,54,79,64,67,55,49,50,0,13,21,25,21,25,0,13
1500000US010890007013,Block Group 3; Census Tract 7.01; Madison County; Alabama,151,90,16,22,135,90,261,115,109,97,56,68,31,37,15,28,0,13
1500000US010890007021,Block Group 1; Census Tract 7.02; Madison County; Alabama,214,76,22,36,192,70,194,75,58,47,0,13,130,105,130,105,0,13
1500000US010890007022,Block Group 2; Census Tract 7.02; Madison County; Alabama,0,13,0,13,0,13,387,116,309,95,42,40,289,176,125,69,0,13
1500000US010890009011,Block Group 1; Census Tract 9.01; Madison County; Alabama,207,102,0,13,207,102,138,146,116,138,0,13,128,104,93,101,0,13
1500000US010890009012,Block Group 2; Census Tract 9.01; Madison County; Alabama,229,113,70,90,159,79,85,71,24,38,11,24,147,111,85,87,0,13
1500000US010890009013,Block Group 3; Census Tract 9.01; Madison County; Alabama,117,131,23,41,94,123,253,142,130,102,0,13,72,58,50,47,0,13
1500000US010890009014,Block Group 4; Census Tract 9.01; Madison County; Alabama,249,119,135,90,114,76,168,94,142,94,26,44,100,89,100,89,0,13
1500000US010890009021,Block Group 1; Census Tract 9.02; Madison County; Alabama,416,249,40,29,376,252,158,71,68,43,30,43,238,105,161,91,0,13
1500000US010890009022,Block Group 2; Census Tract 9.02; Madison County; Alabama,156,71,80,61,76,34,157,65,132,60,0,13,138,54,109,48,7,11
1500000US010890010001,Block Group 1; Census Tract 10; Madison County; Alabama,242,77,73,42,169,71,300,104,263,102,12,20,212,95,182,86,30,35
1500000US010890010002,Block Group 2; Census Tract 10; Madison County; Alabama,283,109,103,84,180,98,260,135,235,129,0,13,263,103,249,100,0,13
1500000US010890012001,Block Group 1; Census Tract 12; Madison County; Alabama,124,99,83,92,41,45,305,264,273,266,23,34,189,107,39,40,29,46
1500000US010890012002,Block Group 2; Census Tract 12; Madison County; Alabama,4,6,4,6,0,13,212,119,34,36,178,116,18,29,0,13,0,13
1500000US010890012003,Block Group 3; Census Tract 12; Madison County; Alabama,79,75,39,50,40,53,334,147,66,63,250,154,123,91,66,54,0,13
1500000US010890013011,Block Group 1; Census Tract 13.01; Madison County; Alabama,71,90,15,24,56,88,269,134,177,87,0,13,434,213,273,104,8,15
1500000US010890013012,Block Group 2; Census Tract 13.01; Madison County; Alabama,151,106,94,103,57,38,350,123,197,109,85,89,129,79,50,46,0,13
1500000US010890013013,Block Group 3; Census Tract 13.01; Madison County; Alabama,100,125,12,18,88,122,90,74,29,35,61,65,188,127,188,127,0,13
1500000US010890013021,Block Group 1; Census Tract 13.02; Madison County; Alabama,281,87,111,66,170,55,572,195,359,163,57,60,188,72,116,51,0,13
1500000US010890014011,Block Group 1; Census Tract 14.01; Madison County; Alabama,686,137,326,135,360,56,332,118,267,107,39,31,204,60,179,54,0,13
1500000US010890014031,Block Group 1; Census Tract 14.03; Madison County; Alabama,228,195,0,13,228,195,184,128,14,26,36,49,282,144,183,102,0,13
1500000US010890014032,Block Group 2; Census Tract 14.03; Madison County; Alabama,113,74,29,33,84,67,259,126,215,116,0,13,205,97,186,95,0,13
1500000US010890014041,Block Group 1; Census Tract 14.04; Madison County; Alabama,82,48,33,43,49,35,246,199,167,159,0,13,186,125,159,122,6,17
1500000US010890014042,Block Group 2; Census Tract 14.04; Madison County; Alabama,59,44,0,13,59,44,258,166,241,166,0,13,379,155,189,107,0,13
1500000US010890014043,Block Group 3; Census Tract 14.04; Madison County; Alabama,317,140,107,97,210,107,186,105,141,82,0,13,123,81,60,46,0,13
1500000US010890015001,Block Group 1; Census Tract 15; Madison County; Alabama,149,111,32,38,117,103,262,116,170,78,92,70,451,160,331,123,0,13
1500000US010890015002,Block Group 2; Census Tract 15; Madison County; Alabama,51,43,1,12,50,40,21,23,10,17,0,13,79,52,0,13,0,13
1500000US010890015003,Block Group 3; Census Tract 15; Madison County; Alabama,143,120,123,116,20,25,25,26,18,21,0,13,151,100,132,100,0,13
1500000US010890015004,Block Group 4; Census Tract 15; Madison County; Alabama,160,80,26,28,134,81,25,26,20,23,0,13,81,76,81,76,0,13
1500000US010890017001,Block Group 1; Census Tract 17; Madison County; Alabama,192,53,90,39,102,39,97,42,92,43,0,13,54,38,41,36,0,13
1500000US010890017002,Block Group 2; Census Tract 17; Madison County; Alabama,321,83,159,51,162,76,69,32,67,32,0,13,95,53,70,50,0,13
1500000US010890018011,Block Group 1; Census Tract 18.01; Madison County; Alabama,448,82,200,64,248,75,128,71,49,35,28,27,67,42,35,25,27,33
1500000US010890018012,Block Group 2; Census Tract 18.01; Madison County; Alabama,207,66,106,59,101,45,141,105,42,37,82,96,23,21,23,21,0,13
1500000US010890018013,Block Group 3; Census Tract 18.01; Madison County; Alabama,257,109,74,43,183,101,147,76,98,55,0,13,31,23,31,23,0,13
1500000US010890019011,Block Group 1; Census Tract 19.01; Madison County; Alabama,193,96,43,36,150,90,171,114,124,109,29,34,75,59,39,37,23,36
1500000US010890019012,Block Group 2; Census Tract 19.01; Madison County; Alabama,403,95,154,64,249,72,143,161,133,160,10,17,12,19,12,19,0,13
1500000US010890019013,Block Group 3; Census Tract 19.01; Madison County; Alabama,301,84,92,61,209,67,49,39,26,28,0,13,76,48,56,43,0,13
1500000US010890019021,Block Group 1; Census Tract 19.02; Madison County; Alabama,498,76,137,44,361,65,358,110,328,103,6,10,170,73,150,68,20,30
1500000US010890019031,Block Group 1; Census Tract 19.03; Madison County; Alabama,597,80,218,49,379,72,91,39,55,26,6,9,154,69,154,69,0,13
1500000US010890020001,Block Group 1; Census Tract 20; Madison County; Alabama,105,42,56,32,49,37,91,47,91,47,0,13,101,63,69,52,0,13
1500000US010890020002,Block Group 2; Census Tract 20; Madison County; Alabama,328,169,179,150,149,69,189,87,87,43,13,24,126,57,98,49,18,23
1500000US010890021001,Block Group 1; Census Tract 21; Madison County; Alabama,46,47,0,13,46,47,136,111,86,101,26,43,67,79,67,79,0,13
1500000US010890021002,Block Group 2; Census Tract 21; Madison County; Alabama,81,64,45,50,36,40,214,97,173,90,0,13,173,101,107,84,15,23
1500000US010890021003,Block Group 3; Census Tract 21; Madison County; Alabama,35,30,0,13,35,30,317,231,65,52,72,60,170,98,159,96,0,13
1500000US010890022001,Block Group 1; Census Tract 22; Madison County; Alabama,130,71,68,53,62,44,200,125,46,27,107,112,147,67,80,51,10,17
1500000US010890022002,Block Group 2; Census Tract 22; Madison County; Alabama,82,66,12,18,70,65,142,60,82,60,8,12,37,43,37,43,0,13
1500000US010890023001,Block Group 1; Census Tract 23; Madison County; Alabama,56,69,15,29,41,57,232,163,168,143,64,99,148,115,90,105,0,13
1500000US010890023002,Block Group 2; Census Tract 23; Madison County; Alabama,59,62,49,54,10,23,321,149,46,36,218,133,263,235,245,234,0,13
1500000US010890023003,Block Group 3; Census Tract 23; Madison County; Alabama,98,79,0,13,98,79,249,256,47,47,0,13,163,117,66,55,0,13
1500000US010890023004,Block Group 4; Census Tract 23; Madison County; Alabama,157,120,28,33,129,113,425,193,301,183,58,93,265,184,256,183,0,13
1500000US010890024001,Block Group 1; Census Tract 24; Madison County; Alabama,0,13,0,13,0,13,99,177,0,13,99,177,211,169,204,172,0,13
1500000US010890024002,Block Group 2; Census Tract 24; Madison County; Alabama,69,58,4,10,65,56,236,135,55,57,127,101,259,167,259,167,0,13
1500000US010890024003,Block Group 3; Census Tract 24; Madison County; Alabama,142,157,47,72,95,136,266,155,223,143,0,13,265,284,233,276,0,13
1500000US010890024004,Block Group 4; Census Tract 24; Madison County; Alabama,177,169,0,13,177,169,195,103,178,98,0,13,115,105,115,105,0,13
1500000US010890025011,Block Group 1; Census Tract 25.01; Madison County; Alabama,28,31,21,29,7,14,305,130,247,120,21,36,230,143,230,143,0,13
1500000US010890025012,Block Group 2; Census Tract 25.01; Madison County; Alabama,129,94,124,92,5,10,52,68,0,13,35,60,140,87,125,84,0,13
1500000US010890025013,Block Group 3; Census Tract 25.01; Madison County; Alabama,102,109,102,109,0,13,196,147,77,113,63,72,148,114,90,80,0,13
1500000US010890025021,Block Group 1; Census Tract 25.02; Madison County; Alabama,131,74,49,58,82,63,41,31,26,29,0,13,10,23,0,13,0,13
1500000US010890025022,Block Group 2; Census Tract 25.02; Madison County; Alabama,7,13,0,13,7,13,298,166,114,85,89,85,164,93,164,93,0,13
1500000US010890025023,Block Group 3; Census Tract 25.02; Madison County; Alabama,37,48,10,17,27,42,425,158,320,143,93,138,278,116,234,110,16,30
1500000US010890026001,Block Group 1; Census Tract 26; Madison County; Alabama,99,70,0,13,99,70,192,85,120,57,41,64,370,230,288,224,0,13
1500000US010890026002,Block Group 2; Census Tract 26; Madison County; Alabama,252,84,43,35,209,76,61,61,36,33,25,44,79,53,30,35,22,29
1500000US010890026003,Block Group 3; Census Tract 26; Madison County; Alabama,427,128,106,54,321,131,500,293,500,293,0,13,176,111,171,113,0,13
1500000US010890027011,Block Group 1; Census Tract 27.01; Madison County; Alabama,268,91,90,65,178,63,203,71,139,66,7,12,167,70,157,67,0,13
1500000US010890027012,Block Group 2; Census Tract 27.01; Madison County; Alabama,236,75,63,44,173,73,242,140,75,47,12,22,358,338,343,337,0,13
1500000US010890027211,Block Group 1; Census Tract 27.21; Madison County; Alabama,519,104,136,69,383,80,220,75,200,72,0,13,74,61,64,59,10,15
1500000US010890027212,Block Group 2; Census Tract 27.21; Madison County; Alabama,552,122,159,53,393,121,244,108,184,94,0,13,176,89,150,84,0,13
1500000US010890027221,Block Group 1; Census Tract 27.22; Madison County; Alabama,281,65,91,45,190,55,96,56,50,34,0,13,44,30,33,25,0,13
1500000US010890027222,Block Group 2; Census Tract 27.22; Madison County; Alabama,376,74,83,37,293,69,231,71,128,61,34,43,185,175,162,174,8,13
1500000US010890028011,Block Group 1; Census Tract 28.01; Madison County; Alabama,317,141,141,108,176,83,102,75,89,74,0,13,129,73,109,70,0,13
1500000US010890028012,Block Group 2; Census Tract 28.01; Madison County; Alabama,267,132,108,89,159,82,316,164,262,159,19,28,370,183,187,145,92,125
1500000US010890028013,Block Group 3; Census Tract 28.01; Madison County; Alabama,56,58,0,13,56,58,491,185,424,179,8,13,406,322,364,319,0,13
1500000US010890028031,Block Group 1; Census Tract 28.03; Madison County; Alabama,463,151,203,122,260,86,212,130,186,127,26,31,44,38,13,22,11,22
1500000US010890028032,Block Group 2; Census Tract 28.03; Madison County; Alabama,508,146,297,133,211,77,373,139,190,99,49,75,216,103,216,103,0,13
1500000US010890028041,Block Group 1; Census Tract 28.04; Madison County; Alabama,130,61,0,13,130,61,104,68,44,42,0,13,87,58,77,56,0,13
1500000US010890028042,Block Group 2; Census Tract 28.04; Madison County; Alabama,656,166,252,125,404,127,128,70,89,60,0,13,89,66,65,62,0,13
1500000US010890029111,Block Group 1; Census Tract 29.11; Madison County; Alabama,474,90,194,52,280,81,311,130,210,114,0,13,92,50,74,46,0,13
1500000US010890029112,Block Group 2; Census Tract 29.11; Madison County; Alabama,126,48,52,34,74,44,182,64,111,60,5,10,114,143,114,143,0,13
1500000US010890029113,Block Group 3; Census Tract 29.11; Madison County; Alabama,265,94,99,67,166,72,141,81,65,41,9,15,68,44,41,35,6,10
1500000US010890029121,Block Group 1; Census Tract 29.12; Madison County; Alabama,292,57,110,45,182,45,172,67,106,42,0,13,78,40,40,31,31,32
1500000US010890029122,Block Group 2; Census Tract 29.12; Madison County; Alabama,264,76,85,54,179,57,84,38,51,30,0,13,74,33,55,29,0,13
1500000US010890029221,Block Group 1; Census Tract 29.22; Madison County; Alabama,271,93,67,52,204,88,218,72,105,61,54,70,72,61,72,61,0,13
1500000US010890029222,Block Group 2; Census Tract 29.22; Madison County; Alabama,574,115,140,61,434,110,78,44,67,42,11,18,146,79,47,40,34,31
1500000US010890029223,Block Group 3; Census Tract 29.22; Madison County; Alabama,215,54,110,45,105,41,29,28,17,20,12,20,64,38,17,20,0,13
1500000US010890029231,Block Group 1; Census Tract 29.23; Madison County; Alabama,314,148,80,52,234,135,133,75,92,54,41,58,141,139,141,139,0,13
1500000US010890029232,Block Group 2; Census Tract 29.23; Madison County; Alabama,328,147,96,64,232,135,52,56,27,33,25,45,40,36,32,33,0,13
1500000US010890029233,Block Group 3; Census Tract 29.23; Madison County; Alabama,84,52,37,35,47,43,254,137,168,114,43,41,113,92,98,87,0,13
1500000US010890029241,Block Group 1; Census Tract 29.24; Madison County; Alabama,235,103,47,37,188,95,166,84,166,84,0,13,215,142,152,121,16,22
1500000US010890029242,Block Group 2; Census Tract 29.24; Madison County; Alabama,487,235,130,63,357,225,369,182,219,122,16,23,173,93,129,71,0,13
1500000US010890030001,Block Group 1; Census Tract 30; Madison County; Alabama,119,86,33,55,86,56,164,73,33,40,100,54,87,66,80,63,0,13
1500000US010890030002,Block Group 2; Census Tract 30; Madison County; Alabama,157,91,34,40,123,80,275,125,153,102,79,66,158,100,113,80,0,13
1500000US010890031001,Block Group 1; Census Tract 31; Madison County; Alabama,239,74,83,61,156,52,174,81,154,78,0,13,145,63,136,62,9,14
1500000US010890031002,Block Group 2; Census Tract 31; Madison County; Alabama,54,42,11,12,43,41,141,56,117,56,0,13,189,107,173,105,16,24
1500000US010890031003,Block Group 3; Census Tract 31; Madison County; Alabama,196,70,12,13,184,71,180,71,156,73,0,13,148,89,148,89,0,13
1500000US010890101011,Block Group 1; Census Tract 101.01; Madison County; Alabama,418,140,101,67,317,134,245,117,54,50,9,15,74,51,47,45,11,19
1500000US010890101012,Block Group 2; Census Tract 101.01; Madison County; Alabama,259,137,82,83,177,112,151,108,98,90,0,13,221,259,221,259,0,13
1500000US010890101013,Block Group 3; Census Tract 101.01; Madison County; Alabama,276,133,34,35,242,130,161,117,93,99,68,76,250,150,235,148,0,13
1500000US010890101021,Block Group 1; Census Tract 101.02; Madison County; Alabama,664,198,285,139,379,157,102,82,102,82,0,13,76,83,76,83,0,13
1500000US010890101022,Block Group 2; Census Tract 101.02; Madison County; Alabama,697,195,473,184,224,98,473,193,186,109,83,95,78,74,78,74,0,13
1500000US010890102001,Block Group 1; Census Tract 102; Madison County; Alabama,712,381,153,100,559,372,127,68,54,48,22,33,109,74,66,58,19,29
1500000US010890102002,Block Group 2; Census Tract 102; Madison County; Alabama,684,157,211,106,473,154,93,58,75,52,18,27,146,68,146,68,0,13
1500000US010890102003,Block Group 3; Census Tract 102; Madison County; Alabama,290,115,104,95,186,126,212,117,83,89,51,39,23,38,23,38,0,13
1500000US010890103021,Block Group 1; Census Tract 103.02; Madison County; Alabama,607,218,248,175,359,153,101,73,28,24,38,58,139,85,121,84,18,28
1500000US010890103022,Block Group 2; Census Tract 103.02; Madison County; Alabama,589,162,240,152,349,124,149,78,82,52,40,51,136,73,113,63,0,13
1500000US010890103031,Block Group 1; Census Tract 103.03; Madison County; Alabama,397,100,166,58,231,92,127,124,26,26,36,63,121,79,64,49,17,28
1500000US010890103032,Block Group 2; Census Tract 103.03; Madison County; Alabama,581,373,139,93,442,361,135,59,90,50,0,13,130,79,76,47,23,37
1500000US010890103041,Block Group 1; Census Tract 103.04; Madison County; Alabama,214,110,97,91,117,67,38,44,0,13,0,13,18,29,18,29,0,13
1500000US010890103042,Block Group 2; Census Tract 103.04; Madison County; Alabama,185,93,32,42,153,86,116,79,76,64,0,13,19,32,19,32,0,13
1500000US010890103043,Block Group 3; Census Tract 103.04; Madison County; Alabama,368,153,169,115,199,92,158,93,85,72,0,13,64,59,64,59,0,13
1500000US010890103044,Block Group 4; Census Tract 103.04; Madison County; Alabama,258,117,61,72,197,99,138,92,56,51,48,60,38,43,22,33,0,13
1500000US010890104031,Block Group 1; Census Tract 104.03; Madison County; Alabama,246,121,24,32,222,118,378,242,315,232,44,56,24,26,24,26,0,13
1500000US010890104032,Block Group 2; Census Tract 104.03; Madison County; Alabama,292,107,180,94,112,56,243,119,94,83,91,85,13,22,0,13,0,13
1500000US010890104041,Block Group 1; Census Tract 104.04; Madison County; Alabama,476,191,181,146,295,143,82,58,70,52,0,13,98,80,98,80,0,13
1500000US010890104042,Block Group 2; Census Tract 104.04; Madison County; Alabama,230,113,0,13,230,113,103,75,32,32,14,24,99,65,43,40,0,13
1500000US010890104051,Block Group 1; Census Tract 104.05; Madison County; Alabama,409,231,70,59,339,227,246,140,206,132,0,13,119,107,49,44,70,98
1500000US010890104052,Block Group 2; Census Tract 104.05; Madison County; Alabama,335,128,165,106,170,91,267,151,125,73,0,13,173,111,113,79,0,13
1500000US010890104061,Block Group 1; Census Tract 104.06; Madison County; Alabama,224,75,59,55,165,81,166,150,50,55,0,13,37,43,37,43,0,13
1500000US010890104062,Block Group 2; Census Tract 104.06; Madison County; Alabama,459,210,238,181,221,100,240,156,151,95,84,127,105,69,81,65,0,13
1500000US010890105021,Block Group 1; Census Tract 105.02; Madison County; Alabama,442,178,138,56,304,163,388,109,151,91,118,70,161,133,67,49,84,119
1500000US010890105022,Block Group 2; Census Tract 105.02; Madison County; Alabama,360,93,88,42,272,88,100,46,100,46,0,13,71,42,48,34,11,17
1500000US010890105031,Block Group 1; Census Tract 105.03; Madison County; Alabama,295,143,163,120,132,94,182,138,163,134,19,41,81,83,64,77,0,13
1500000US010890105032,Block Group 2; Census Tract 105.03; Madison County; Alabama,362,175,75,66,287,174,38,47,38,47,0,13,99,127,0,13,0,13
1500000US010890105033,Block Group 3; Census Tract 105.03; Madison County; Alabama,323,177,71,58,252,171,39,47,19,32,20,32,50,60,50,60,0,13
1500000US010890105034,Block Group 4; Census Tract 105.03; Madison County; Alabama,308,159,168,144,140,146,145,99,58,71,59,56,201,118,80,86,30,49
1500000US010890105041,Block Group 1; Census Tract 105.04; Madison County; Alabama,841,210,346,136,495,176,164,113,52,54,0,13,316,200,199,150,117,158
1500000US010890105042,Block Group 2; Census Tract 105.04; Madison County; Alabama,301,100,183,98,118,78,20,36,0,13,0,13,0,13,0,13,0,13
1500000US010890105043,Block Group 3; Census Tract 105.04; Madison County; Alabama,210,102,119,79,91,81,80,92,0,13,20,35,0,13,0,13,0,13
1500000US010890105044,Block Group 4; Census Tract 105.04; Madison County; Alabama,208,118,9,20,199,116,64,76,0,13,20,32,44,51,44,51,0,13
1500000US010890105045,Block Group 5; Census Tract 105.04; Madison County; Alabama,193,89,34,41,159,91,95,81,52,63,0,13,40,61,40,61,0,13
1500000US010890106121,Block Group 1; Census Tract 106.12; Madison County; Alabama,245,112,24,38,221,113,173,95,117,79,20,35,97,73,72,60,0,13
1500000US010890106122,Block Group 2; Census Tract 106.12; Madison County; Alabama,931,177,383,122,548,157,390,134,206,109,67,63,208,130,72,61,62,73
1500000US010890106123,Block Group 3; Census Tract 106.12; Madison County; Alabama,456,170,116,77,340,157,217,163,148,142,69,84,338,163,256,149,57,53
1500000US010890106231,Block Group 1; Census Tract 106.23; Madison County; Alabama,463,149,84,97,379,121,44,51,0,13,23,36,117,113,117,113,0,13
1500000US010890106232,Block Group 2; Census Tract 106.23; Madison County; Alabama,971,460,482,399,489,186,146,88,128,83,18,29,109,71,109,71,0,13
1500000US010890106233,Block Group 3; Census Tract 106.23; Madison County; Alabama,633,198,220,124,413,141,251,118,77,64,63,73,53,55,53,55,0,13
1500000US010890106251,Block Group 1; Census Tract 106.25; Madison County; Alabama,27,44,0,13,27,44,409,241,384,244,14,22,181,125,133,101,0,13
1500000US010890106252,Block Group 2; Census Tract 106.25; Madison County; Alabama,131,144,36,61,95,128,957,524,451,273,371,408,121,116,101,115,0,13
1500000US010890106253,Block Group 3; Census Tract 106.25; Madison County; Alabama,56,76,56,76,0,13,83,96,68,91,0,13,104,119,104,119,0,13
1500000US010890106261,Block Group 1; Census Tract 106.26; Madison County; Alabama,71,72,26,48,45,55,170,95,118,89,16,27,0,13,0,13,0,13
1500000US010890106262,Block Group 2; Census Tract 106.26; Madison County; Alabama,211,129,0,13,211,129,291,216,116,130,175,175,157,104,157,104,0,13
1500000US010890106263,Block Group 3; Census Tract 106.26; Madison County; Alabama,295,115,92,105,203,91,236,170,159,130,77,121,158,90,136,87,0,13
1500000US010890106271,Block Group 1; Census Tract 106.27; Madison County; Alabama,430,152,55,70,375,160,244,196,244,196,0,13,226,153,112,118,0,13
1500000US010890106272,Block Group 2; Census Tract 106.27; Madison County; Alabama,172,129,89,108,83,86,363,156,187,144,176,124,370,194,271,165,0,13
1500000US010890106273,Block Group 3; Census Tract 106.27; Madison County; Alabama,167,111,52,63,115,87,310,233,282,227,0,13,354,166,336,170,0,13
1500000US010890106281,Block Group 1; Census Tract 106.28; Madison County; Alabama,474,213,125,79,349,216,71,54,58,50,0,13,19,22,19,22,0,13
1500000US010890106282,Block Group 2; Census Tract 106.28; Madison County; Alabama,463,108,296,99,167,64,228,106,73,55,55,71,27,29,19,23,8,15
1500000US010890106291,Block Group 1; Census Tract 106.29; Madison County; Alabama,600,119,289,97,311,89,63,57,38,47,10,17,192,94,86,60,44,77
1500000US010890106292,Block Group 2; Census Tract 106.29; Madison County; Alabama,587,185,259,171,328,133,198,95,120,80,24,42,127,92,54,63,0,13
1500000US010890106301,Block Group 1; Census Tract 106.30; Madison County; Alabama,388,148,117,130,271,89,26,39,26,39,0,13,11,24,11,24,0,13
1500000US010890106302,Block Group 2; Census Tract 106.30; Madison County; Alabama,494,88,115,58,379,96,99,58,29,33,58,54,159,95,131,100,0,13
1500000US010890106311,Block Group 1; Census Tract 106.31; Madison County; Alabama,624,151,284,91,340,154,203,139,148,127,15,24,285,138,214,123,61,96
1500000US010890106312,Block Group 2; Census Tract 106.31; Madison County; Alabama,710,127,198,78,512,101,70,54,60,50,0,13,103,71,54,62,38,36
1500000US010890107031,Block Group 1; Census Tract 107.03; Madison County; Alabama,343,121,193,123,150,72,36,34,22,26,0,13,140,113,95,75,45,70
1500000US010890107032,Block Group 2; Census Tract 107.03; Madison County; Alabama,1067,207,422,131,645,199,289,133,124,92,117,112,117,71,83,64,22,33
1500000US010890107041,Block Group 1; Census Tract 107.04; Madison County; Alabama,723,191,337,111,386,168,175,92,66,63,19,30,50,75,50,75,0,13
1500000US010890107042,Block Group 2; Census Tract 107.04; Madison County; Alabama,379,146,130,96,249,102,451,324,327,288,0,13,42,48,42,48,0,13
1500000US010890107043,Block Group 3; Census Tract 107.04; Madison County; Alabama,286,111,35,47,251,108,154,89,49,47,0,13,275,172,186,120,0,13
1500000US010890107051,Block Group 1; Census Tract 107.05; Madison County; Alabama,159,83,34,49,125,65,112,115,14,23,0,13,92,70,61,63,31,38
1500000US010890107052,Block Group 2; Census Tract 107.05; Madison County; Alabama,762,249,75,68,687,260,211,126,72,53,127,101,140,104,75,81,43,72
1500000US010890107061,Block Group 1; Census Tract 107.06; Madison County; Alabama,102,54,35,37,67,45,153,88,55,61,13,22,30,34,30,34,0,13
1500000US010890107062,Block Group 2; Census Tract 107.06; Madison County; Alabama,291,135,177,110,114,64,194,96,150,93,44,51,109,68,81,64,22,33
1500000US010890107063,Block Group 3; Census Tract 107.06; Madison County; Alabama,480,135,135,81,345,105,306,124,137,80,73,78,58,56,58,56,0,13
1500000US010890108011,Block Group 1; Census Tract 108.01; Madison County; Alabama,429,127,178,83,251,105,264,153,196,147,0,13,97,87,27,41,37,60
1500000US010890108012,Block Group 2; Census Tract 108.01; Madison County; Alabama,612,155,311,132,301,161,106,84,0,13,67,70,233,321,233,321,0,13
1500000US010890108013,Block Group 3; Census Tract 108.01; Madison County; Alabama,232,101,92,97,140,66,131,125,107,134,0,13,34,53,34,53,0,13
1500000US010890108021,Block Group 1; Census Tract 108.02; Madison County; Alabama,295,140,46,75,249,116,91,113,91,113,0,13,122,118,122,118,0,13
1500000US010890108022,Block Group 2; Census Tract 108.02; Madison County; Alabama,655,267,235,171,420,280,143,121,45,38,69,104,123,74,80,52,0,13
1500000US010890108023,Block Group 3; Census Tract 108.02; Madison County; Alabama,540,239,102,82,438,233,159,179,144,177,0,13,89,76,45,52,0,13
1500000US010890109021,Block Group 1; Census Tract 109.02; Madison County; Alabama,179,49,46,30,133,41,104,52,51,39,12,14,55,30,45,27,0,13
1500000US010890109022,Block Group 2; Census Tract 109.02; Madison County; Alabama,110,45,21,26,89,38,66,34,56,34,0,13,37,43,28,41,0,13
1500000US010890109023,Block Group 3; Census Tract 109.02; Madison County; Alabama,317,154,53,31,264,142,122,74,101,74,0,13,29,27,29,27,0,13
1500000US010890109031,Block Group 1; Census Tract 109.03; Madison County; Alabama,415,207,98,68,317,209,170,134,123,107,0,13,68,65,49,61,19,30
1500000US010890109032,Block Group 2; Census Tract 109.03; Madison County; Alabama,501,175,218,144,283,189,50,78,50,78,0,13,13,21,13,21,0,13
1500000US010890109033,Block Group 3; Census Tract 109.03; Madison County; Alabama,629,184,371,142,258,135,403,281,60,72,241,247,79,57,79,57,0,13
1500000US010890109041,Block Group 1; Census Tract 109.04; Madison County; Alabama,689,178,325,103,364,202,152,92,116,81,0,13,98,102,98,102,0,13
1500000US010890109042,Block Group 2; Census Tract 109.04; Madison County; Alabama,327,138,146,88,181,107,24,30,24,30,0,13,73,93,73,93,0,13
1500000US010890109051,Block Group 1; Census Tract 109.05; Madison County; Alabama,743,411,259,135,484,391,135,96,61,58,29,45,34,40,34,40,0,13
1500000US010890109052,Block Group 2; Census Tract 109.05; Madison County; Alabama,579,187,144,143,435,143,126,110,43,42,83,113,58,73,58,73,0,13
1500000US010890109053,Block Group 3; Census Tract 109.05; Madison County; Alabama,1066,249,393,158,673,206,140,136,15,27,47,51,43,58,23,37,0,13
1500000US010890110121,Block Group 1; Census Tract 110.12; Madison County; Alabama,698,150,293,130,405,150,64,48,0,13,36,37,150,88,150,88,0,13
1500000US010890110122,Block Group 2; Census Tract 110.12; Madison County; Alabama,567,140,155,81,412,145,78,80,78,80,0,13,48,52,23,39,0,13
1500000US010890110123,Block Group 3; Census Tract 110.12; Madison County; Alabama,364,115,135,73,229,86,79,64,0,13,38,42,64,65,47,56,0,13
1500000US010890110131,Block Group 1; Census Tract 110.13; Madison County; Alabama,188,69,66,49,122,53,221,113,172,108,19,33,129,62,78,50,12,21
1500000US010890110132,Block Group 2; Census Tract 110.13; Madison County; Alabama,624,152,302,119,322,94,56,44,25,29,5,12,161,111,154,111,7,11
1500000US010890110133,Block Group 3; Census Tract 110.13; Madison County; Alabama,178,91,40,33,138,81,229,102,137,99,52,62,138,79,53,44,16,25
1500000US010890110211,Block Group 1; Census Tract 110.21; Madison County; Alabama,262,127,67,52,195,118,55,50,37,41,0,13,173,107,152,110,0,13
1500000US010890110212,Block Group 2; Census Tract 110.21; Madison County; Alabama,438,173,202,140,236,120,277,158,240,162,14,28,159,115,159,115,0,13
1500000US010890110213,Block Group 3; Census Tract 110.21; Madison County; Alabama,122,113,42,51,80,98,709,316,504,281,129,135,168,119,93,68,15,26
1500000US010890110231,Block Group 1; Census Tract 110.23; Madison County; Alabama,220,87,85,74,135,47,154,84,89,72,65,68,37,44,37,44,0,13
1500000US010890110232,Block Group 2; Census Tract 110.23; Madison County; Alabama,523,125,164,103,359,99,86,59,39,42,18,31,29,32,17,27,0,13
1500000US010890110233,Block Group 3; Census Tract 110.23; Madison County; Alabama,1001,190,590,182,411,129,74,57,39,43,19,32,149,147,29,37,99,142
1500000US010890110241,Block Group 1; Census Tract 110.24; Madison County; Alabama,659,135,390,130,269,89,124,77,48,43,17,27,0,13,0,13,0,13
1500000US010890110242,Block Group 2; Census Tract 110.24; Madison County; Alabama,679,137,406,136,273,81,91,62,44,43,17,30,125,136,125,136,0,13
1500000US010890110251,Block Group 1; Census Tract 110.25; Madison County; Alabama,211,90,104,81,107,66,75,52,75,52,0,13,49,79,0,13,0,13
1500000US010890110252,Block Group 2; Census Tract 110.25; Madison County; Alabama,213,168,129,130,84,129,269,161,88,86,142,144,128,124,0,13,128,124
1500000US010890110253,Block Group 3; Census Tract 110.25; Madison County; Alabama,343,136,240,130,103,54,170,154,69,50,101,140,46,42,30,36,0,13
1500000US010890110254,Block Group 4; Census Tract 110.25; Madison County; Alabama,664,170,418,155,246,110,134,85,30,50,66,53,126,65,87,58,27,33
1500000US010890110261,Block Group 1; Census Tract 110.26; Madison County; Alabama,455,113,178,64,277,106,119,122,3,6,116,122,31,35,0,13,23,31
1500000US010890110262,Block Group 2; Census Tract 110.26; Madison County; Alabama,578,169,306,146,272,76,91,56,48,42,0,13,17,20,8,13,9,14
1500000US010890110271,Block Group 1; Census Tract 110.27; Madison County; Alabama,256,124,39,54,217,102,217,121,108,66,109,100,229,108,196,94,0,13
1500000US010890110272,Block Group 2; Census Tract 110.27; Madison County; Alabama,361,109,156,65,205,80,186,100,72,64,58,48,186,152,139,136,0,13
1500000US010890110281,Block Group 1; Census Tract 110.28; Madison County; Alabama,176,82,89,67,87,58,448,401,352,393,23,28,106,70,106,70,0,13
1500000US010890110282,Block Group 2; Census Tract 110.28; Madison County; Alabama,58,55,0,13,58,55,320,209,103,96,88,138,141,121,123,116,0,13
1500000US010890110283,Block Group 3; Census Tract 110.28; Madison County; Alabama,233,114,29,33,204,109,338,176,272,207,66,105,343,207,263,192,45,67
1500000US010890111001,Block Group 1; Census Tract 111; Madison County; Alabama,31,20,13,13,18,17,17,18,11,15,0,13,26,22,11,12,15,18
1500000US010890111002,Block Group 2; Census Tract 111; Madison County; Alabama,178,48,29,22,149,45,45,27,29,21,16,14,70,29,63,27,0,13
1500000US010890112011,Block Group 1; Census Tract 112.01; Madison County; Alabama,414,153,290,130,124,111,181,100,181,100,0,13,77,75,35,44,16,36
1500000US010890112012,Block Group 2; Census Tract 112.01; Madison County; Alabama,936,264,59,70,877,261,541,204,332,178,0,13,98,85,98,85,0,13
1500000US010890112021,Block Group 1; Census Tract 112.02; Madison County; Alabama,147,117,10,20,137,115,287,204,221,184,66,81,175,120,124,112,22,36
1500000US010890112022,Block Group 2; Census Tract 112.02; Madison County; Alabama,603,320,240,183,363,294,195,135,134,112,0,13,135,88,135,88,0,13
1500000US010890112023,Block Group 3; Census Tract 112.02; Madison County; Alabama,454,183,90,87,364,167,194,137,82,108,31,49,154,126,154,126,0,13
1500000US010890112031,Block Group 1; Census Tract 112.03; Madison County; Alabama,222,145,92,113,130,102,55,61,29,47,0,13,41,50,41,50,0,13
1500000US010890112032,Block Group 2; Census Tract 112.03; Madison County; Alabama,817,147,403,104,414,162,297,135,71,61,99,66,194,121,156,115,17,19
1500000US010890112033,Block Group 3; Census Tract 112.03; Madison County; Alabama,342,138,85,85,257,114,247,195,247,195,0,13,52,64,0,13,28,51
1500000US010890113011,Block Group 1; Census Tract 113.01; Madison County; Alabama,473,85,143,64,330,76,102,48,79,43,12,18,88,53,67,45,4,7
1500000US010890113012,Block Group 2; Census Tract 113.01; Madison County; Alabama,392,61,271,61,121,53,108,50,81,44,12,17,113,57,107,57,6,9
1500000US010890113021,Block Group 1; Census Tract 113.02; Madison County; Alabama,442,113,82,57,360,101,61,44,61,44,0,13,120,73,120,73,0,13
1500000US010890113022,Block Group 2; Census Tract 113.02; Madison County; Alabama,420,155,195,152,225,95,34,24,25,18,0,13,123,90,123,90,0,13
1500000US010890113023,Block Group 3; Census Tract 113.02; Madison County; Alabama,549,132,229,83,320,120,55,48,31,35,0,13,69,48,62,47,0,13
1500000US010890114001,Block Group 1; Census Tract 114; Madison County; Alabama,158,61,80,50,78,44,59,60,59,60,0,13,41,44,41,44,0,13
1500000US010890114002,Block Group 2; Census Tract 114; Madison County; Alabama,123,58,40,42,83,40,54,39,39,31,13,21,46,45,46,45,0,13
1500000US010890114003,Block Group 3; Census Tract 114; Madison County; Alabama,214,83,63,56,151,65,139,74,94,47,41,61,82,69,52,47,0,13
1500000US010890114004,Block Group 4; Census Tract 114; Madison County; Alabama,426,160,284,171,142,78,60,47,41,36,14,21,55,31,48,31,2,4
