GEO_ID,NAME,"Less than $10,000","Less than $10,000_MOE","$10,000 to $14,999","$10,000 to $14,999_MOE","$15,000 to $19,999","$15,000 to $19,999_MOE","$20,000 to $24,999","$20,000 to $24,999_MOE","$25,000 to $29,999","$25,000 to $29,999_MOE","$30,000 to $34,999","$30,000 to $34,999_MOE","$35,000 to $39,999","$35,000 to $39,999_MOE","$40,000 to $49,999","$40,000 to $49,999_MOE","$50,000 to $59,999","$50,000 to $59,999_MOE","$60,000 to $69,999","$60,000 to $69,999_MOE","$70,000 to $79,999","$70,000 to $79,999_MOE","$80,000 to $89,999","$80,000 to $89,999_MOE","$90,000 to $99,999","$90,000 to $99,999_MOE","$100,000 to $124,999","$100,000 to $124,999_MOE","$125,000 to $149,999","$125,000 to $149,999_MOE","$150,000 to $174,999","$150,000 to $174,999_MOE","$175,000 to $199,999","$175,000 to $199,999_MOE","$200,000 to $249,999","$200,000 to $249,999_MOE","$250,000 to $299,999","$250,000 to $299,999_MOE","$300,000 to $399,999","$300,000 to $399,999_MOE","$400,000 to $499,999","$400,000 to $499,999_MOE","$500,000 to $749,999","$500,000 to $749,999_MOE","$750,000 to $999,999","$750,000 to $999,999_MOE","$1,000,000 to $1,499,999","$1,000,000 to $1,499,999_MOE","$1,500,000 to $1,999,999","$1,500,000 to $1,999,999_MOE","$2,000,000 or more","$2,000,000 or more_MOE"
1500000US010890002031,Block Group 1; Census Tract 2.03; Madison County; Alabama,0,13,0,13,0,13,0,13,0,13,0,13,0,13,0,13,0,13,0,13,1,10,24,31,6,10,8,12,33,50,0,13,10,16,3,10,0,13,0,13,0,13,8,12,0,13,0,13,0,13,0,13
1500000US010890002032,Block Group 2; Census Tract 2.03; Madison County; Alabama,0,13,0,13,0,13,0,13,0,13,0,13,0,13,0,13,0,13,0,13,0,13,0,13,0,13,0,13,0,13,0,13,0,13,0,13,9,15,11,12,0,13,0,13,0,13,0,13,0,13,0,13
1500000US010890002033,Block Group 3; Census Tract 2.03; Madison County; Alabama,0,13,0,13,0,13,0,13,0,13,0,13,0,13,0,13,22,24,0,13,55,48,19,27,36,35,38,33,5,7,9,14,0,13,58,41,0,13,0,13,0,13,0,13,0,13,0,13,0,13,0,13
1500000US010890003011,Block Group 1; Census Tract 3.01; Madison County; Alabama,8,14,0,13,0,13,0,13,0,13,0,13,0,13,0,13,4,8,0,13,32,38,22,26,29,42,99,58,11,19,85,48,0,13,0,13,0,13,0,13,0,13,0,13,0,13,0,13,0,13,0,13
1500000US010890003012,Block Group 2; Census Tract 3.01; Madison County; Alabama,0,13,0,13,0,13,0,13,0,13,0,13,0,13,5,9,26,25,0,13,0,13,65,47,8,13,31,29,52,38,30,35,0,13,11,18,0,13,0,13,0,13,19,31,14,23,0,13,0,13,0,13
1500000US010890003013,Block Group 3; Census Tract 3.01; Madison County; Alabama,14,23,0,13,0,13,0,13,0,13,20,31,0,13,42,34,0,13,54,60,7,13,0,13,25,29,26,29,19,22,9,15,0,13,0,13,0,13,24,28,0,13,0,13,0,13,0,13,0,13,0,13
1500000US010890003021,Block Group 1; Census Tract 3.02; Madison County; Alabama,51,79,0,13,0,13,0,13,0,13,0,13,49,76,0,13,0,13,124,91,113,110,74,73,96,70,87,67,0,13,15,24,92,121,63,52,0,13,0,13,0,13,0,13,0,13,0,13,0,13,0,13
1500000US010890003022,Block Group 2; Census Tract 3.02; Madison County; Alabama,0,13,0,13,0,13,0,13,0,13,0,13,0,13,0,13,0,13,0,13,6,10,23,30,74,78,95,79,0,13,0,13,0,13,74,58,30,35,0,13,0,13,0,13,0,13,0,13,0,13,0,13
1500000US010890004031,Block Group 1; Census Tract 4.03; Madison County; Alabama,12,19,11,18,0,13,0,13,0,13,0,13,0,13,0,13,0,13,0,13,0,13,15,20,41,54,87,50,93,58,32,35,36,39,144,84,0,13,122,79,0,13,0,13,0,13,0,13,10,16,0,13
1500000US010890004032,Block Group 2; Census Tract 4.03; Madison County; Alabama,8,14,0,13,0,13,0,13,0,13,16,25,0,13,0,13,0,13,0,13,22,39,0,13,25,42,0,13,0,13,21,34,33,47,12,22,7,11,6,11,0,13,21,33,0,13,0,13,0,13,0,13
1500000US010890004033,Block Group 3; Census Tract 4.03; Madison County; Alabama,0,13,0,13,3,5,0,13,0,13,0,13,0,13,0,13,0,13,10,18,8,12,50,47,29,34,90,82,51,45,12,16,210,204,121,63,7,13,70,52,40,50,0,13,24,39,0,13,0,13,0,13
1500000US010890005011,Block Group 1; Census Tract 5.01; Madison County; Alabama,0,13,0,13,0,13,0,13,0,13,0,13,17,28,0,13,16,24,0,13,24,24,0,13,37,41,58,37,48,29,0,13,21,19,28,21,0,13,0,13,0,13,0,13,0,13,0,13,0,13,0,13
1500000US010890005012,Block Group 2; Census Tract 5.01; Madison County; Alabama,0,13,0,13,0,13,0,13,0,13,9,14,0,13,0,13,0,13,2,4,14,16,0,13,21,20,120,73,24,22,20,22,15,26,0,13,0,13,0,13,0,13,0,13,0,13,0,13,0,13,0,13
1500000US010890005021,Block Group 1; Census Tract 5.02; Madison County; Alabama,7,12,0,13,0,13,3,5,0,13,0,13,0,13,4,8,18,18,4,6,13,14,9,11,31,23,146,109,29,34,46,34,30,37,0,13,7,13,0,13,0,13,0,13,0,13,0,13,0,13,0,13
1500000US010890005022,Block Group 2; Census Tract 5.02; Madison County; Alabama,0,13,0,13,0,13,11,17,0,13,0,13,0,13,2,5,13,15,12,18,50,51,12,11,17,31,13,13,11,12,51,23,0,13,0,13,5,8,0,13,0,13,0,13,0,13,0,13,0,13,0,13
1500000US010890005031,Block Group 1; Census Tract 5.03; Madison County; Alabama,0,13,0,13,0,13,0,13,0,13,0,13,0,13,0,13,5,8,0,13,12,15,46,38,7,12,58,38,40,41,29,18,21,19,25,21,0,13,0,13,0,13,0,13,0,13,0,13,0,13,0,13
1500000US010890005032,Block Group 2; Census Tract 5.03; Madison County; Alabama,0,13,2,11,0,13,0,13,0,13,0,13,0,13,0,13,17,27,5,9,6,12,18,17,34,27,66,87,22,21,43,41,7,11,73,59,43,56,18,25,0,13,0,13,0,13,0,13,0,13,0,13
1500000US010890006011,Block Group 1; Census Tract 6.01; Madison County; Alabama,0,13,0,13,0,13,0,13,0,13,0,13,0,13,4,6,0,13,0,13,0,13,3,6,3,5,96,61,5,7,37,40,9,16,16,15,15,19,12,17,0,13,0,13,0,13,4,5,0,13,0,13
1500000US010890006012,Block Group 2; Census Tract 6.01; Madison County; Alabama,0,13,46,37,4,6,0,13,0,13,0,13,0,13,0,13,0,13,0,13,10,14,34,36,7,9,55,41,17,26,14,15,0,13,25,31,18,28,0,13,0,13,0,13,4,6,0,13,0,13,0,13
1500000US010890006021,Block Group 1; Census Tract 6.02; Madison County; Alabama,40,61,0,13,0,13,0,13,0,13,25,36,0,13,0,13,6,10,0,13,17,18,9,13,47,33,56,38,37,35,0,13,25,20,8,11,44,53,0,13,0,13,0,13,0,13,0,13,0,13,0,13
1500000US010890006022,Block Group 2; Census Tract 6.02; Madison County; Alabama,0,13,0,13,9,13,0,13,0,13,0,13,0,13,0,13,0,13,0,13,48,33,6,10,31,26,50,25,22,19,21,19,24,38,25,25,10,16,0,13,0,13,11,16,0,13,0,13,0,13,0,13
1500000US010890007011,Block Group 1; Census Tract 7.01; Madison County; Alabama,0,13,0,13,0,13,0,13,0,13,0,13,0,13,6,11,0,13,0,13,0,13,8,13,0,13,0,13,17,24,0,13,0,13,0,13,0,13,0,13,0,13,0,13,0,13,0,13,0,13,0,13
1500000US010890007012,Block Group 2; Census Tract 7.01; Madison County; Alabama,0,13,0,13,19,34,0,13,0,13,0,13,0,13,0,13,0,13,6,11,0,13,12,20,0,13,62,49,0,13,38,43,0,13,34,42,0,13,0,13,0,13,0,13,0,13,0,13,0,13,0,13
1500000US010890007013,Block Group 3; Census Tract 7.01; Madison County; Alabama,0,13,0,13,0,13,0,13,12,21,0,13,0,13,0,13,0,13,9,19,0,13,12,20,0,13,162,118,72,60,4,10,15,28,35,57,17,29,0,13,0,13,0,13,35,37,0,13,0,13,0,13
1500000US010890007021,Block Group 1; Census Tract 7.02; Madison County; Alabama,0,13,0,13,0,13,0,13,0,13,0,13,0,13,0,13,21,28,0,13,24,40,0,13,39,47,4,10,88,67,187,115,17,20,62,51,12,18,7,11,6,10,22,36,0,13,0,13,0,13,0,13
1500000US010890007022,Block Group 2; Census Tract 7.02; Madison County; Alabama,0,13,0,13,0,13,0,13,0,13,0,13,0,13,0,13,0,13,0,13,0,13,31,48,0,13,10,19,29,37,0,13,0,13,0,13,0,13,0,13,0,13,0,13,0,13,0,13,0,13,0,13
1500000US010890009011,Block Group 1; Census Tract 9.01; Madison County; Alabama,0,13,0,13,0,13,0,13,0,13,35,55,0,13,0,13,14,24,0,13,0,13,0,13,0,13,87,130,0,13,94,85,66,73,43,48,15,25,85,89,73,53,15,25,6,14,0,13,0,13,0,13
1500000US010890009012,Block Group 2; Census Tract 9.01; Madison County; Alabama,0,13,0,13,0,13,0,13,0,13,0,13,0,13,0,13,0,13,0,13,0,13,0,13,0,13,67,82,59,56,0,13,36,43,18,30,54,53,125,97,0,13,0,13,0,13,0,13,0,13,0,13
1500000US010890009013,Block Group 3; Census Tract 9.01; Madison County; Alabama,0,13,0,13,0,13,0,13,0,13,0,13,0,13,0,13,0,13,0,13,0,13,0,13,0,13,23,36,23,41,25,33,87,99,65,65,15,30,64,63,0,13,0,13,0,13,0,13,0,13,0,13
1500000US010890009014,Block Group 4; Census Tract 9.01; Madison County; Alabama,0,13,0,13,0,13,0,13,0,13,0,13,0,13,0,13,0,13,0,13,0,13,0,13,0,13,39,54,70,84,105,92,15,28,105,112,54,64,143,100,0,13,16,26,0,13,0,13,0,13,0,13
1500000US010890009021,Block Group 1; Census Tract 9.02; Madison County; Alabama,0,13,0,13,0,13,0,13,0,13,0,13,0,13,0,13,0,13,0,13,0,13,0,13,0,13,0,13,11,19,9,14,7,12,44,34,69,49,41,32,63,30,33,29,0,13,0,13,0,13,0,13
1500000US010890009022,Block Group 2; Census Tract 9.02; Madison County; Alabama,7,12,0,13,8,13,0,13,14,21,0,13,0,13,0,13,0,13,0,13,15,17,11,17,0,13,42,36,39,38,48,36,25,25,70,47,21,20,19,23,9,14,0,13,0,13,0,13,0,13,0,13
1500000US010890010001,Block Group 1; Census Tract 10; Madison County; Alabama,0,13,0,13,0,13,0,13,0,13,0,13,0,13,0,13,0,13,0,13,0,13,0,13,0,13,10,16,0,13,36,38,53,47,36,35,69,72,127,71,125,54,90,46,0,13,0,13,0,13,0,13
1500000US010890010002,Block Group 2; Census Tract 10; Madison County; Alabama,0,13,0,13,0,13,0,13,0,13,0,13,0,13,0,13,0,13,0,13,0,13,0,13,0,13,42,49,131,116,0,13,43,40,101,62,58,39,49,42,0,13,8,14,0,13,0,13,0,13,0,13
1500000US010890012001,Block Group 1; Census Tract 12; Madison County; Alabama,0,13,0,13,0,13,0,13,0,13,0,13,0,13,11,18,0,13,12,19,101,78,223,264,0,13,56,46,0,13,0,13,0,13,28,35,0,13,0,13,0,13,0,13,0,13,0,13,0,13,0,13
1500000US010890012002,Block Group 2; Census Tract 12; Madison County; Alabama,0,13,0,13,0,13,0,13,0,13,0,13,0,13,0,13,0,13,0,13,0,13,0,13,0,13,0,13,0,13,0,13,0,13,0,13,0,13,0,13,0,13,0,13,0,13,0,13,0,13,0,13
1500000US010890012003,Block Group 3; Census Tract 12; Madison County; Alabama,0,13,0,13,0,13,0,13,0,13,0,13,0,13,23,35,0,13,18,26,0,13,0,13,0,13,0,13,0,13,0,13,52,82,0,13,0,13,0,13,0,13,0,13,0,13,0,13,0,13,0,13
1500000US010890013011,Block Group 1; Census Tract 13.01; Madison County; Alabama,0,13,0,13,0,13,0,13,0,13,0,13,0,13,0,13,0,13,0,13,0,13,0,13,0,13,0,13,0,13,0,13,0,13,0,13,0,13,17,26,0,13,0,13,0,13,0,13,0,13,0,13
1500000US010890013012,Block Group 2; Census Tract 13.01; Madison County; Alabama,0,13,0,13,0,13,0,13,0,13,0,13,0,13,0,13,0,13,0,13,0,13,11,18,14,23,57,45,72,59,25,37,0,13,0,13,0,13,7,15,0,13,0,13,0,13,0,13,0,13,0,13
1500000US010890013013,Block Group 3; Census Tract 13.01; Madison County; Alabama,0,13,0,13,0,13,0,13,0,13,0,13,0,13,0,13,0,13,0,13,0,13,0,13,0,13,0,13,0,13,0,13,0,13,0,13,0,13,0,13,0,13,0,13,0,13,0,13,0,13,0,13
1500000US010890013021,Block Group 1; Census Tract 13.02; Madison County; Alabama,0,13,0,13,0,13,6,9,0,13,0,13,0,13,0,13,25,24,5,9,23,23,24,23,24,25,136,65,41,55,50,37,31,24,34,42,0,13,0,13,6,9,0,13,9,17,0,13,0,13,0,13
1500000US010890014011,Block Group 1; Census Tract 14.01; Madison County; Alabama,12,14,0,13,4,7,0,13,0,13,0,13,0,13,0,13,0,13,0,13,0,13,0,13,0,13,8,12,14,16,27,24,75,40,200,104,90,45,144,56,141,61,138,105,22,26,0,13,0,13,0,13
1500000US010890014031,Block Group 1; Census Tract 14.03; Madison County; Alabama,0,13,0,13,0,13,0,13,0,13,0,13,0,13,0,13,0,13,0,13,0,13,0,13,0,13,0,13,0,13,7,13,0,13,29,27,0,13,0,13,0,13,0,13,0,13,0,13,0,13,0,13
1500000US010890014032,Block Group 2; Census Tract 14.03; Madison County; Alabama,0,13,0,13,0,13,0,13,0,13,0,13,0,13,0,13,0,13,0,13,0,13,0,13,0,13,0,13,0,13,0,13,0,13,7,15,53,38,23,25,0,13,8,17,12,23,0,13,0,13,0,13
1500000US010890014041,Block Group 1; Census Tract 14.04; Madison County; Alabama,0,13,0,13,0,13,0,13,0,13,0,13,0,13,0,13,0,13,0,13,0,13,0,13,0,13,0,13,77,77,10,16,12,19,11,27,9,15,0,13,8,13,0,13,0,13,0,13,0,13,0,13
1500000US010890014042,Block Group 2; Census Tract 14.04; Madison County; Alabama,0,13,0,13,0,13,0,13,0,13,0,13,0,13,0,13,0,13,0,13,0,13,0,13,0,13,0,13,0,13,46,56,48,56,25,28,13,21,0,13,0,13,0,13,0,13,0,13,0,13,0,13
1500000US010890014043,Block Group 3; Census Tract 14.04; Madison County; Alabama,0,13,0,13,0,13,0,13,0,13,0,13,0,13,0,13,0,13,0,13,0,13,0,13,0,13,0,13,48,41,31,30,151,112,56,46,104,90,0,13,6,12,0,13,0,13,0,13,0,13,0,13
1500000US010890015001,Block Group 1; Census Tract 15; Madison County; Alabama,0,13,0,13,0,13,0,13,0,13,0,13,0,13,7,13,0,13,0,13,27,39,0,13,20,25,32,27,27,42,21,27,52,79,65,40,0,13,0,13,0,13,0,13,0,13,0,13,0,13,0,13
1500000US010890015002,Block Group 2; Census Tract 15; Madison County; Alabama,0,13,0,13,0,13,0,13,0,13,0,13,0,13,0,13,0,13,0,13,0,13,0,13,0,13,43,33,11,18,10,17,0,13,11,18,0,13,12,21,1,12,29,35,0,13,0,13,0,13,0,13
1500000US010890015003,Block Group 3; Census Tract 15; Madison County; Alabama,0,13,0,13,0,13,0,13,0,13,0,13,0,13,0,13,0,13,22,26,26,41,10,16,9,16,0,13,21,27,0,13,0,13,0,13,0,13,0,13,0,13,0,13,0,13,0,13,0,13,0,13
1500000US010890015004,Block Group 4; Census Tract 15; Madison County; Alabama,0,13,0,13,0,13,0,13,0,13,0,13,0,13,0,13,0,13,0,13,4,6,53,74,0,13,12,19,39,31,35,33,0,13,21,21,0,13,30,39,0,13,0,13,0,13,0,13,0,13,0,13
1500000US010890017001,Block Group 1; Census Tract 17; Madison County; Alabama,0,13,0,13,0,13,0,13,0,13,0,13,0,13,0,13,0,13,0,13,0,13,0,13,0,13,0,13,0,13,0,13,0,13,10,13,27,30,91,60,56,27,125,48,13,13,7,12,0,13,5,8
1500000US010890017002,Block Group 2; Census Tract 17; Madison County; Alabama,0,13,0,13,0,13,41,62,0,13,0,13,6,9,0,13,0,13,0,13,0,13,0,13,6,9,0,13,6,9,20,24,0,13,0,13,33,26,94,51,101,58,90,32,52,30,11,11,10,11,0,13
1500000US010890018011,Block Group 1; Census Tract 18.01; Madison County; Alabama,0,13,0,13,0,13,0,13,0,13,0,13,0,13,0,13,0,13,0,13,0,13,0,13,0,13,0,13,0,13,0,13,19,30,46,54,0,13,94,52,108,56,230,85,57,40,26,27,0,13,14,16
1500000US010890018012,Block Group 2; Census Tract 18.01; Madison County; Alabama,0,13,0,13,0,13,0,13,0,13,0,13,0,13,0,13,0,13,0,13,0,13,0,13,0,13,0,13,0,13,0,13,0,13,10,15,43,49,85,50,141,106,62,40,0,13,0,13,0,13,0,13
1500000US010890018013,Block Group 3; Census Tract 18.01; Madison County; Alabama,0,13,0,13,0,13,0,13,0,13,0,13,0,13,0,13,0,13,0,13,0,13,0,13,0,13,0,13,0,13,0,13,7,10,55,45,31,29,111,53,31,46,71,44,75,81,9,15,30,47,0,13
1500000US010890019011,Block Group 1; Census Tract 19.01; Madison County; Alabama,0,13,0,13,0,13,0,13,35,55,0,13,0,13,0,13,0,13,0,13,0,13,0,13,0,13,0,13,0,13,0,13,42,64,10,15,33,33,94,66,31,31,102,59,30,36,56,67,0,13,0,13
1500000US010890019012,Block Group 2; Census Tract 19.01; Madison County; Alabama,0,13,0,13,0,13,5,11,0,13,0,13,0,13,0,13,0,13,11,16,0,13,0,13,0,13,0,13,0,13,0,13,0,13,5,18,0,13,142,160,94,48,120,58,80,53,80,54,0,13,13,19
1500000US010890019013,Block Group 3; Census Tract 19.01; Madison County; Alabama,0,13,0,13,14,21,0,13,0,13,0,13,0,13,0,13,0,13,0,13,0,13,0,13,0,13,0,13,0,13,0,13,14,22,0,13,21,25,85,44,116,56,105,54,35,45,12,19,0,13,10,15
1500000US010890019021,Block Group 1; Census Tract 19.02; Madison County; Alabama,0,13,0,13,0,13,0,13,0,13,0,13,0,13,0,13,16,24,0,13,0,13,0,13,0,13,0,13,0,13,8,12,0,13,23,21,16,18,113,58,66,32,82,45,75,48,103,53,33,30,55,37
1500000US010890019031,Block Group 1; Census Tract 19.03; Madison County; Alabama,6,10,0,13,3,6,0,13,0,13,0,13,0,13,0,13,0,13,0,13,4,7,0,13,0,13,0,13,9,10,18,21,19,23,48,27,49,30,147,55,181,65,156,46,76,33,94,38,0,13,5,7
1500000US010890020001,Block Group 1; Census Tract 20; Madison County; Alabama,0,13,0,13,0,13,0,13,0,13,0,13,9,15,0,13,0,13,0,13,0,13,0,13,0,13,2,4,0,13,32,45,5,8,23,25,21,22,63,43,38,35,0,13,0,13,0,13,0,13,12,18
1500000US010890020002,Block Group 2; Census Tract 20; Madison County; Alabama,8,13,0,13,0,13,0,13,0,13,0,13,0,13,0,13,0,13,0,13,7,14,3,5,0,13,0,13,13,20,13,20,34,30,38,28,70,53,139,68,161,143,82,44,0,13,0,13,0,13,36,37
1500000US010890021001,Block Group 1; Census Tract 21; Madison County; Alabama,0,13,0,13,0,13,0,13,0,13,0,13,0,13,0,13,24,37,0,13,12,19,0,13,0,13,0,13,0,13,0,13,0,13,0,13,14,23,0,13,0,13,0,13,0,13,0,13,0,13,0,13
1500000US010890021002,Block Group 2; Census Tract 21; Madison County; Alabama,0,13,0,13,0,13,0,13,18,32,0,13,11,16,0,13,1,2,0,13,10,16,0,13,2,3,8,12,44,45,27,28,15,23,0,13,0,13,0,13,0,13,14,23,0,13,0,13,0,13,34,53
1500000US010890021003,Block Group 3; Census Tract 21; Madison County; Alabama,0,13,0,13,0,13,0,13,0,13,0,13,0,13,9,13,0,13,11,23,19,23,0,13,0,13,0,13,13,21,0,13,0,13,4,8,0,13,0,13,0,13,0,13,0,13,0,13,0,13,0,13
1500000US010890022001,Block Group 1; Census Tract 22; Madison County; Alabama,96,64,0,13,8,12,0,13,0,13,0,13,0,13,0,13,0,13,10,17,5,7,7,10,35,36,5,7,11,18,7,11,0,13,26,24,0,13,0,13,0,13,0,13,0,13,0,13,0,13,0,13
1500000US010890022002,Block Group 2; Census Tract 22; Madison County; Alabama,0,13,0,13,0,13,0,13,0,13,0,13,0,13,0,13,5,8,0,13,0,13,60,48,0,13,8,12,57,67,6,9,0,13,0,13,0,13,2,3,0,13,4,10,11,13,0,13,0,13,0,13
1500000US010890023001,Block Group 1; Census Tract 23; Madison County; Alabama,88,134,0,13,28,32,0,13,0,13,0,13,0,13,0,13,0,13,17,30,0,13,0,13,0,13,91,77,16,27,0,13,0,13,0,13,0,13,0,13,0,13,0,13,0,13,0,13,0,13,0,13
1500000US010890023002,Block Group 2; Census Tract 23; Madison County; Alabama,0,13,0,13,0,13,0,13,0,13,0,13,0,13,0,13,0,13,0,13,16,27,40,52,0,13,81,46,52,60,3,15,36,31,20,46,0,13,0,13,0,13,133,196,0,13,0,13,0,13,0,13
1500000US010890023003,Block Group 3; Census Tract 23; Madison County; Alabama,18,28,0,13,0,13,0,13,0,13,0,13,0,13,0,13,10,18,12,19,55,59,16,36,159,245,40,51,0,13,67,64,0,13,0,13,0,13,0,13,0,13,14,23,0,13,0,13,0,13,0,13
1500000US010890023004,Block Group 4; Census Tract 23; Madison County; Alabama,16,26,0,13,0,13,0,13,0,13,0,13,0,13,0,13,15,26,27,30,40,59,0,13,0,13,61,58,27,32,30,36,71,72,14,22,12,19,0,13,0,13,0,13,0,13,0,13,0,13,0,13
1500000US010890024001,Block Group 1; Census Tract 24; Madison County; Alabama,0,13,0,13,0,13,0,13,0,13,0,13,0,13,0,13,0,13,0,13,0,13,0,13,0,13,0,13,0,13,0,13,0,13,0,13,0,13,0,13,0,13,0,13,0,13,0,13,0,13,0,13
1500000US010890024002,Block Group 2; Census Tract 24; Madison County; Alabama,0,13,0,13,0,13,0,13,0,13,0,13,0,13,0,13,0,13,13,28,0,13,0,13,0,13,36,40,0,13,25,30,0,13,36,56,0,13,0,13,0,13,0,13,0,13,0,13,0,13,0,13
1500000US010890024003,Block Group 3; Census Tract 24; Madison County; Alabama,0,13,0,13,0,13,0,13,0,13,0,13,0,13,0,13,0,13,0,13,5,7,28,35,14,18,54,63,0,13,0,13,48,71,45,51,0,13,0,13,0,13,0,13,0,13,0,13,0,13,0,13
1500000US010890024004,Block Group 4; Census Tract 24; Madison County; Alabama,0,13,0,13,0,13,0,13,0,13,0,13,0,13,27,45,0,13,0,13,0,13,41,49,96,110,23,36,0,13,0,13,21,35,74,94,0,13,19,43,0,13,0,13,0,13,0,13,0,13,0,13
1500000US010890025011,Block Group 1; Census Tract 25.01; Madison County; Alabama,0,13,0,13,0,13,0,13,0,13,0,13,0,13,0,13,0,13,0,13,0,13,0,13,0,13,0,13,0,13,0,13,0,13,0,13,0,13,0,13,0,13,0,13,0,13,0,13,0,13,0,13
1500000US010890025012,Block Group 2; Census Tract 25.01; Madison County; Alabama,0,13,0,13,0,13,0,13,0,13,0,13,0,13,0,13,0,13,0,13,0,13,0,13,0,13,0,13,0,13,0,13,0,13,0,13,0,13,0,13,0,13,0,13,0,13,0,13,0,13,0,13
1500000US010890025013,Block Group 3; Census Tract 25.01; Madison County; Alabama,0,13,0,13,0,13,0,13,0,13,0,13,0,13,24,38,0,13,0,13,57,92,0,13,0,13,17,27,0,13,18,31,0,13,0,13,0,13,0,13,0,13,0,13,0,13,0,13,0,13,0,13
1500000US010890025021,Block Group 1; Census Tract 25.02; Madison County; Alabama,10,22,34,48,0,13,0,13,0,13,0,13,0,13,0,13,15,27,0,13,26,28,10,18,8,15,10,23,0,13,59,59,0,13,5,29,0,13,0,13,0,13,0,13,0,13,0,13,0,13,0,13
1500000US010890025022,Block Group 2; Census Tract 25.02; Madison County; Alabama,0,13,0,13,0,13,0,13,29,49,0,13,0,13,0,13,17,27,0,13,0,13,0,13,0,13,14,27,24,36,0,13,0,13,0,13,0,13,0,13,0,13,0,13,0,13,0,13,0,13,0,13
1500000US010890025023,Block Group 3; Census Tract 25.02; Madison County; Alabama,0,13,0,13,0,13,0,13,0,13,0,13,0,13,0,13,8,12,0,13,1,18,13,23,0,13,16,30,12,20,0,13,0,13,0,13,0,13,0,13,0,13,0,13,0,13,0,13,0,13,0,13
1500000US010890026001,Block Group 1; Census Tract 26; Madison County; Alabama,0,13,0,13,0,13,0,13,0,13,0,13,0,13,0,13,0,13,0,13,0,13,0,13,0,13,0,13,0,13,0,13,0,13,65,72,42,41,8,13,9,14,70,61,0,13,0,13,0,13,0,13
1500000US010890026002,Block Group 2; Census Tract 26; Madison County; Alabama,0,13,0,13,0,13,0,13,0,13,41,57,0,13,0,13,0,13,0,13,0,13,0,13,0,13,8,12,19,30,0,13,0,13,51,40,10,15,75,50,75,67,87,54,17,27,0,13,0,13,0,13
1500000US010890026003,Block Group 3; Census Tract 26; Madison County; Alabama,0,13,0,13,0,13,0,13,0,13,0,13,0,13,0,13,0,13,0,13,0,13,0,13,0,13,0,13,0,13,0,13,13,20,121,104,101,78,22,28,66,41,48,79,0,13,0,13,0,13,0,13
1500000US010890027011,Block Group 1; Census Tract 27.01; Madison County; Alabama,0,13,0,13,0,13,11,16,0,13,0,13,0,13,0,13,14,22,0,13,0,13,0,13,0,13,9,14,29,29,51,48,46,46,75,36,84,59,214,84,26,24,19,21,10,15,0,13,0,13,0,13
1500000US010890027012,Block Group 2; Census Tract 27.01; Madison County; Alabama,0,13,0,13,0,13,0,13,0,13,0,13,0,13,0,13,0,13,0,13,0,13,0,13,0,13,0,13,0,13,0,13,111,100,29,34,51,42,115,41,0,13,0,13,0,13,0,13,0,13,0,13
1500000US010890027211,Block Group 1; Census Tract 27.21; Madison County; Alabama,0,13,0,13,8,13,0,13,0,13,9,13,0,13,0,13,0,13,0,13,0,13,0,13,0,13,0,13,0,13,0,13,63,51,92,72,105,53,327,84,94,49,98,84,0,13,0,13,0,13,0,13
1500000US010890027212,Block Group 2; Census Tract 27.21; Madison County; Alabama,0,13,0,13,30,42,0,13,9,13,13,20,0,13,0,13,0,13,0,13,0,13,0,13,0,13,0,13,0,13,0,13,20,22,165,87,117,67,200,85,77,58,30,28,7,11,11,16,0,13,0,13
1500000US010890027221,Block Group 1; Census Tract 27.22; Madison County; Alabama,0,13,0,13,9,13,0,13,0,13,0,13,0,13,0,13,0,13,0,13,0,13,0,13,0,13,0,13,10,16,11,16,27,23,25,23,26,26,187,71,64,43,60,34,0,13,0,13,0,13,0,13
1500000US010890027222,Block Group 2; Census Tract 27.22; Madison County; Alabama,0,13,0,13,0,13,0,13,0,13,0,13,0,13,0,13,2,6,0,13,0,13,0,13,11,19,48,44,0,13,0,13,18,23,130,166,65,34,108,50,86,41,80,44,9,14,0,13,0,13,0,13
1500000US010890028011,Block Group 1; Census Tract 28.01; Madison County; Alabama,0,13,0,13,0,13,0,13,0,13,0,13,0,13,0,13,0,13,0,13,0,13,0,13,0,13,0,13,11,19,0,13,0,13,82,57,66,48,74,65,20,29,0,13,0,13,0,13,0,13,0,13
1500000US010890028012,Block Group 2; Census Tract 28.01; Madison County; Alabama,0,13,14,22,0,13,0,13,0,13,0,13,0,13,0,13,0,13,0,13,0,13,0,13,0,13,0,13,0,13,54,41,37,42,179,148,92,64,52,47,34,34,19,29,0,13,0,13,0,13,0,13
1500000US010890028013,Block Group 3; Census Tract 28.01; Madison County; Alabama,0,13,0,13,0,13,0,13,0,13,0,13,0,13,0,13,0,13,0,13,0,13,0,13,25,20,28,32,9,14,17,28,35,56,34,42,0,13,0,13,0,13,0,13,0,13,0,13,0,13,0,13
1500000US010890028031,Block Group 1; Census Tract 28.03; Madison County; Alabama,0,13,0,13,0,13,0,13,0,13,0,13,0,13,0,13,13,22,0,13,15,25,0,13,45,67,31,37,0,13,47,44,50,63,33,37,94,79,180,97,104,97,66,52,0,13,0,13,0,13,0,13
1500000US010890028032,Block Group 2; Census Tract 28.03; Madison County; Alabama,18,29,22,33,40,51,0,13,13,22,0,13,0,13,0,13,3,6,0,13,0,13,0,13,0,13,0,13,46,52,155,76,58,57,204,118,190,106,177,110,24,27,13,21,0,13,0,13,0,13,0,13
1500000US010890028041,Block Group 1; Census Tract 28.04; Madison County; Alabama,0,13,16,27,0,13,0,13,0,13,0,13,0,13,0,13,0,13,0,13,0,13,0,13,0,13,39,52,0,13,21,29,41,28,55,63,37,28,36,42,0,13,0,13,0,13,0,13,0,13,0,13
1500000US010890028042,Block Group 2; Census Tract 28.04; Madison County; Alabama,0,13,0,13,0,13,0,13,0,13,0,13,0,13,0,13,0,13,0,13,0,13,0,13,0,13,0,13,14,23,58,44,26,31,141,92,321,143,193,96,53,43,40,41,0,13,0,13,0,13,10,16
1500000US010890029111,Block Group 1; Census Tract 29.11; Madison County; Alabama,0,13,0,13,0,13,70,85,0,13,0,13,0,13,0,13,0,13,0,13,0,13,0,13,0,13,7,11,0,13,26,23,53,42,148,88,170,81,266,79,67,44,7,11,25,31,0,13,0,13,0,13
1500000US010890029112,Block Group 2; Census Tract 29.11; Madison County; Alabama,0,13,0,13,0,13,0,13,0,13,0,13,11,17,0,13,0,13,0,13,0,13,0,13,0,13,0,13,0,13,19,16,142,141,160,61,31,29,92,71,0,13,17,27,0,13,0,13,11,18,0,13
1500000US010890029113,Block Group 3; Census Tract 29.11; Madison County; Alabama,0,13,0,13,0,13,0,13,0,13,0,13,0,13,0,13,0,13,0,13,0,13,0,13,0,13,18,24,36,34,120,81,37,29,131,70,90,58,23,25,10,12,14,21,0,13,0,13,0,13,0,13
1500000US010890029121,Block Group 1; Census Tract 29.12; Madison County; Alabama,0,13,0,13,0,13,0,13,0,13,0,13,0,13,0,13,0,13,0,13,0,13,0,13,0,13,14,14,0,13,10,11,73,61,104,38,71,40,185,47,49,29,0,13,0,13,0,13,0,13,0,13
1500000US010890029122,Block Group 2; Census Tract 29.12; Madison County; Alabama,0,13,0,13,0,13,0,13,6,9,0,13,0,13,0,13,0,13,0,13,0,13,0,13,0,13,7,11,0,13,45,40,40,27,80,41,52,30,76,34,26,17,18,18,6,8,6,11,0,13,0,13
1500000US010890029221,Block Group 1; Census Tract 29.22; Madison County; Alabama,0,13,0,13,0,13,0,13,0,13,53,77,0,13,0,13,7,12,0,13,0,13,0,13,0,13,28,41,17,20,96,65,63,53,69,42,68,45,114,48,20,24,0,13,0,13,0,13,0,13,0,13
1500000US010890029222,Block Group 2; Census Tract 29.22; Madison County; Alabama,0,13,0,13,0,13,9,13,0,13,0,13,0,13,0,13,0,13,0,13,10,16,0,13,0,13,0,13,9,15,36,31,74,49,88,55,137,96,187,69,140,74,15,19,19,22,11,18,10,15,0,13
1500000US010890029223,Block Group 3; Census Tract 29.22; Madison County; Alabama,1,2,0,13,0,13,0,13,0,13,0,13,0,13,0,13,0,13,0,13,0,13,0,13,0,13,0,13,0,13,28,27,44,29,89,41,58,34,57,33,0,13,6,11,0,13,0,13,0,13,0,13
1500000US010890029231,Block Group 1; Census Tract 29.23; Madison County; Alabama,0,13,0,13,0,13,0,13,0,13,0,13,0,13,0,13,0,13,0,13,0,13,0,13,0,13,7,15,192,111,0,13,121,123,156,115,65,57,0,13,28,25,0,13,0,13,0,13,0,13,0,13
1500000US010890029232,Block Group 2; Census Tract 29.23; Madison County; Alabama,0,13,0,13,0,13,0,13,0,13,0,13,0,13,0,13,0,13,0,13,0,13,0,13,0,13,5,8,0,13,45,55,15,22,55,44,84,115,15,20,47,42,97,76,40,38,0,13,0,13,0,13
1500000US010890029233,Block Group 3; Census Tract 29.23; Madison County; Alabama,0,13,0,13,0,13,0,13,0,13,0,13,0,13,0,13,0,13,0,13,0,13,0,13,0,13,0,13,42,48,47,78,21,35,79,51,99,84,10,17,25,28,0,13,0,13,0,13,0,13,0,13
1500000US010890029241,Block Group 1; Census Tract 29.24; Madison County; Alabama,21,34,66,61,15,25,0,13,22,36,0,13,0,13,0,13,0,13,0,13,0,13,0,13,0,13,23,36,0,13,40,62,0,13,0,13,0,13,17,31,48,58,47,29,0,13,0,13,0,13,0,13
1500000US010890029242,Block Group 2; Census Tract 29.24; Madison County; Alabama,0,13,0,13,0,13,0,13,0,13,0,13,0,13,0,13,0,13,0,13,0,13,0,13,0,13,0,13,26,36,12,24,26,30,207,218,103,65,43,41,79,84,133,62,0,13,0,13,0,13,0,13
1500000US010890030001,Block Group 1; Census Tract 30; Madison County; Alabama,0,13,0,13,0,13,0,13,0,13,0,13,0,13,0,13,0,13,0,13,0,13,6,10,7,14,15,24,0,13,0,13,0,13,40,37,0,13,0,13,0,13,0,13,0,13,0,13,0,13,0,13
1500000US010890030002,Block Group 2; Census Tract 30; Madison County; Alabama,0,13,0,13,0,13,5,9,0,13,9,19,38,67,0,13,0,13,12,20,0,13,36,31,0,13,41,56,20,24,21,28,61,68,50,42,0,13,0,13,0,13,0,13,0,13,0,13,0,13,0,13
1500000US010890031001,Block Group 1; Census Tract 31; Madison County; Alabama,0,13,0,13,0,13,0,13,0,13,0,13,0,13,0,13,0,13,0,13,0,13,0,13,0,13,0,13,0,13,5,11,0,13,0,13,12,14,42,45,30,24,42,34,24,24,80,41,0,13,46,54
1500000US010890031002,Block Group 2; Census Tract 31; Madison County; Alabama,0,13,0,13,0,13,0,13,0,13,0,13,0,13,0,13,0,13,0,13,0,13,0,13,0,13,0,13,0,13,14,22,0,13,6,11,7,11,8,14,0,13,69,48,6,10,0,13,0,13,0,13
1500000US010890031003,Block Group 3; Census Tract 31; Madison County; Alabama,0,13,0,13,0,13,0,13,0,13,0,13,0,13,0,13,0,13,0,13,0,13,0,13,0,13,6,11,0,13,0,13,0,13,27,41,0,13,0,13,0,13,12,14,7,11,75,55,13,20,29,23
1500000US010890101011,Block Group 1; Census Tract 101.01; Madison County; Alabama,13,22,0,13,30,45,0,13,0,13,0,13,0,13,0,13,24,36,0,13,103,95,54,52,9,17,75,79,46,48,47,55,9,15,101,81,28,33,19,23,37,41,87,54,0,13,0,13,0,13,0,13
1500000US010890101012,Block Group 2; Census Tract 101.01; Madison County; Alabama,155,247,0,13,0,13,16,27,0,13,0,13,0,13,0,13,0,13,0,13,0,13,0,13,0,13,0,13,19,30,21,32,18,28,15,25,26,33,69,85,91,91,21,35,30,36,42,67,0,13,0,13
1500000US010890101013,Block Group 3; Census Tract 101.01; Madison County; Alabama,46,75,27,42,0,13,0,13,0,13,0,13,0,13,56,87,0,13,0,13,16,25,15,25,0,13,34,38,57,75,32,29,0,13,39,38,116,130,0,13,0,13,33,37,11,19,0,13,0,13,0,13
1500000US010890101021,Block Group 1; Census Tract 101.02; Madison County; Alabama,0,13,0,13,0,13,0,13,0,13,0,13,0,13,0,13,0,13,0,13,33,56,14,22,0,13,0,13,17,27,25,41,0,13,124,106,133,84,131,95,149,110,96,81,8,17,33,53,0,13,13,25
1500000US010890101022,Block Group 2; Census Tract 101.02; Madison County; Alabama,0,13,0,13,0,13,0,13,19,30,0,13,0,13,18,32,0,13,0,13,0,13,0,13,0,13,26,40,0,13,47,52,252,169,380,211,215,139,142,92,36,48,0,13,0,13,0,13,0,13,0,13
1500000US010890102001,Block Group 1; Census Tract 102; Madison County; Alabama,0,13,0,13,0,13,0,13,0,13,0,13,39,44,6,10,0,13,0,13,19,22,25,39,0,13,57,48,0,13,58,56,43,50,132,91,121,64,301,344,36,40,105,97,0,13,0,13,0,13,0,13
1500000US010890102002,Block Group 2; Census Tract 102; Madison County; Alabama,0,13,0,13,0,13,0,13,19,31,0,13,18,29,0,13,0,13,0,13,0,13,0,13,0,13,59,54,35,39,16,26,69,61,130,84,213,106,240,146,52,74,20,31,0,13,19,30,0,13,0,13
1500000US010890102003,Block Group 3; Census Tract 102; Madison County; Alabama,23,40,0,13,0,13,0,13,20,30,0,13,0,13,23,38,25,36,0,13,0,13,8,14,0,13,23,31,64,70,69,83,17,27,81,61,0,13,79,90,0,13,12,20,73,106,0,13,0,13,0,13
1500000US010890103021,Block Group 1; Census Tract 103.02; Madison County; Alabama,24,37,0,13,0,13,14,22,0,13,0,13,0,13,0,13,0,13,0,13,0,13,4,6,0,13,58,62,93,83,112,132,42,38,116,59,60,46,33,31,13,21,28,33,12,21,0,13,0,13,0,13
1500000US010890103022,Block Group 2; Census Tract 103.02; Madison County; Alabama,0,13,0,13,0,13,0,13,0,13,12,20,0,13,0,13,0,13,0,13,0,13,0,13,6,10,96,130,100,77,111,82,21,33,171,95,27,28,102,49,45,51,69,46,10,20,0,13,0,13,0,13
1500000US010890103031,Block Group 1; Census Tract 103.03; Madison County; Alabama,0,13,0,13,0,13,0,13,0,13,0,13,0,13,0,13,0,13,0,13,0,13,0,13,0,13,131,123,18,20,20,23,25,41,96,50,79,82,148,108,47,55,0,13,0,13,0,13,0,13,0,13
1500000US010890103032,Block Group 2; Census Tract 103.03; Madison County; Alabama,33,46,0,13,0,13,0,13,0,13,0,13,0,13,264,371,0,13,0,13,18,28,8,13,7,11,23,29,37,49,46,44,42,42,24,28,178,100,120,58,0,13,0,13,0,13,0,13,0,13,0,13
1500000US010890103041,Block Group 1; Census Tract 103.04; Madison County; Alabama,0,13,0,13,0,13,0,13,0,13,0,13,0,13,0,13,0,13,0,13,0,13,0,13,0,13,0,13,0,13,21,31,0,13,116,86,0,13,98,85,20,33,0,13,0,13,0,13,0,13,0,13
1500000US010890103042,Block Group 2; Census Tract 103.04; Madison County; Alabama,7,11,0,13,0,13,0,13,0,13,0,13,22,33,0,13,0,13,0,13,21,36,0,13,11,21,26,44,0,13,54,47,0,13,48,54,22,36,42,47,0,13,37,41,0,13,0,13,0,13,0,13
1500000US010890103043,Block Group 3; Census Tract 103.04; Madison County; Alabama,20,31,19,31,0,13,0,13,13,22,0,13,0,13,22,37,0,13,0,13,0,13,0,13,0,13,0,13,0,13,136,134,116,77,74,49,110,85,19,30,0,13,0,13,0,13,0,13,0,13,0,13
1500000US010890103044,Block Group 4; Census Tract 103.04; Madison County; Alabama,0,13,0,13,0,13,23,39,0,13,0,13,0,13,0,13,67,77,0,13,0,13,0,13,31,51,46,46,65,76,61,69,49,50,68,66,0,13,0,13,0,13,0,13,0,13,0,13,0,13,0,13
1500000US010890104031,Block Group 1; Census Tract 104.03; Madison County; Alabama,0,13,0,13,0,13,0,13,0,13,0,13,0,13,0,13,79,85,0,13,0,13,0,13,0,13,57,51,145,198,96,75,89,73,132,97,26,21,24,30,0,13,0,13,0,13,0,13,0,13,0,13
1500000US010890104032,Block Group 2; Census Tract 104.03; Madison County; Alabama,0,13,0,13,0,13,13,22,0,13,0,13,0,13,0,13,0,13,0,13,0,13,18,29,0,13,98,84,40,63,46,55,131,103,53,55,60,41,26,31,23,26,10,17,0,13,0,13,0,13,0,13
1500000US010890104041,Block Group 1; Census Tract 104.04; Madison County; Alabama,17,19,0,13,0,13,0,13,0,13,65,103,0,13,15,26,0,13,29,38,0,13,36,51,167,109,25,37,24,47,62,56,30,41,39,43,0,13,59,61,0,13,4,7,0,13,0,13,0,13,0,13
1500000US010890104042,Block Group 2; Census Tract 104.04; Madison County; Alabama,0,13,0,13,6,17,0,13,0,13,0,13,0,13,0,13,31,41,35,53,0,13,0,13,0,13,9,17,13,24,62,56,43,67,19,22,12,18,5,9,19,28,58,45,0,13,0,13,0,13,0,13
1500000US010890104051,Block Group 1; Census Tract 104.05; Madison County; Alabama,0,13,0,13,0,13,0,13,0,13,0,13,0,13,16,25,40,62,0,13,23,36,0,13,0,13,50,49,0,13,0,13,56,54,142,126,92,93,233,212,129,88,0,13,0,13,0,13,0,13,0,13
1500000US010890104052,Block Group 2; Census Tract 104.05; Madison County; Alabama,5,9,0,13,0,13,0,13,0,13,0,13,34,53,0,13,0,13,22,38,9,16,0,13,20,31,23,27,142,128,92,112,74,80,88,105,82,60,52,49,41,52,16,20,0,13,0,13,0,13,0,13
1500000US010890104061,Block Group 1; Census Tract 104.06; Madison County; Alabama,35,54,0,13,0,13,0,13,0,13,0,13,0,13,0,13,0,13,28,38,0,13,0,13,28,39,78,80,20,32,17,27,11,22,83,50,20,25,119,142,5,13,33,35,0,13,0,13,0,13,0,13
1500000US010890104062,Block Group 2; Census Tract 104.06; Madison County; Alabama,0,13,0,13,0,13,0,13,0,13,0,13,0,13,0,13,0,13,5,18,0,13,11,20,27,32,18,29,109,147,57,52,93,74,99,82,130,94,45,52,51,52,19,23,0,13,0,13,0,13,13,19
1500000US010890105021,Block Group 1; Census Tract 105.02; Madison County; Alabama,0,13,0,13,0,13,0,13,0,13,0,13,0,13,72,118,0,13,0,13,9,14,20,23,0,13,38,31,19,21,183,167,135,80,46,33,104,65,127,69,13,21,18,27,0,13,0,13,0,13,0,13
1500000US010890105022,Block Group 2; Census Tract 105.02; Madison County; Alabama,0,13,0,13,0,13,9,13,0,13,8,12,0,13,23,27,0,13,0,13,0,13,0,13,0,13,9,14,9,16,0,13,24,25,132,61,83,50,175,74,40,33,45,37,0,13,0,13,0,13,0,13
1500000US010890105031,Block Group 1; Census Tract 105.03; Madison County; Alabama,0,13,0,13,0,13,0,13,0,13,0,13,19,41,0,13,0,13,0,13,0,13,0,13,0,13,17,28,31,52,66,77,53,85,81,62,82,74,122,114,47,58,0,13,0,13,0,13,0,13,0,13
1500000US010890105032,Block Group 2; Census Tract 105.03; Madison County; Alabama,0,13,0,13,0,13,0,13,0,13,0,13,0,13,0,13,0,13,0,13,0,13,0,13,0,13,0,13,60,61,18,31,191,147,74,73,156,157,21,38,0,13,0,13,0,13,0,13,0,13,0,13
1500000US010890105033,Block Group 3; Census Tract 105.03; Madison County; Alabama,0,13,0,13,0,13,0,13,0,13,0,13,0,13,0,13,0,13,0,13,0,13,0,13,0,13,21,35,0,13,27,45,86,102,65,110,57,88,91,60,19,34,0,13,0,13,0,13,0,13,0,13
1500000US010890105034,Block Group 4; Census Tract 105.03; Madison County; Alabama,0,13,0,13,0,13,26,45,0,13,0,13,0,13,0,13,0,13,0,13,0,13,0,13,0,13,30,49,0,13,47,56,21,33,334,226,31,54,180,159,18,31,0,13,0,13,0,13,0,13,0,13
1500000US010890105041,Block Group 1; Census Tract 105.04; Madison County; Alabama,34,51,0,13,0,13,0,13,0,13,0,13,0,13,0,13,0,13,0,13,0,13,0,13,0,13,0,13,24,40,69,104,0,13,137,162,148,104,144,113,434,188,235,124,34,42,35,57,0,13,0,13
1500000US010890105042,Block Group 2; Census Tract 105.04; Madison County; Alabama,0,13,0,13,0,13,0,13,0,13,0,13,0,13,0,13,0,13,0,13,0,13,0,13,0,13,0,13,0,13,0,13,0,13,0,13,49,78,62,51,71,73,117,73,22,32,0,13,0,13,0,13
1500000US010890105043,Block Group 3; Census Tract 105.04; Madison County; Alabama,0,13,0,13,0,13,0,13,0,13,0,13,0,13,0,13,0,13,0,13,0,13,0,13,0,13,0,13,26,41,32,51,41,71,47,60,30,36,0,13,0,13,13,21,21,39,0,13,0,13,0,13
1500000US010890105044,Block Group 4; Census Tract 105.04; Madison County; Alabama,0,13,0,13,0,13,0,13,0,13,0,13,0,13,0,13,0,13,0,13,0,13,0,13,0,13,0,13,38,61,24,40,0,13,19,32,95,74,37,41,41,69,29,33,0,13,0,13,0,13,0,13
1500000US010890105045,Block Group 5; Census Tract 105.04; Madison County; Alabama,0,13,0,13,0,13,0,13,0,13,0,13,0,13,0,13,0,13,0,13,0,13,0,13,0,13,0,13,0,13,0,13,0,13,34,52,84,58,97,68,65,76,48,58,0,13,0,13,0,13,0,13
1500000US010890106121,Block Group 1; Census Tract 106.12; Madison County; Alabama,0,13,0,13,0,13,0,13,0,13,0,13,0,13,0,13,0,13,0,13,0,13,0,13,0,13,0,13,0,13,0,13,0,13,97,70,91,64,90,80,16,27,0,13,0,13,0,13,0,13,14,24
1500000US010890106122,Block Group 2; Census Tract 106.12; Madison County; Alabama,28,43,0,13,0,13,0,13,0,13,0,13,0,13,35,53,0,13,0,13,0,13,0,13,0,13,101,84,78,75,42,47,13,20,168,120,224,124,400,131,68,55,57,57,0,13,0,13,0,13,76,92
1500000US010890106123,Block Group 3; Census Tract 106.12; Madison County; Alabama,0,13,0,13,0,13,0,13,0,13,0,13,0,13,0,13,0,13,0,13,0,13,0,13,0,13,15,28,17,30,0,13,14,22,68,56,85,62,204,109,28,32,0,13,0,13,0,13,0,13,0,13
1500000US010890106231,Block Group 1; Census Tract 106.23; Madison County; Alabama,0,13,0,13,0,13,0,13,0,13,0,13,0,13,0,13,0,13,0,13,0,13,23,36,0,13,0,13,0,13,0,13,0,13,89,62,83,59,126,80,135,101,130,102,58,90,0,13,0,13,0,13
1500000US010890106232,Block Group 2; Census Tract 106.23; Madison County; Alabama,15,25,0,13,0,13,0,13,0,13,0,13,0,13,0,13,0,13,0,13,0,13,18,29,0,13,0,13,0,13,36,63,80,62,24,39,165,107,258,114,398,412,100,91,0,13,0,13,0,13,0,13
1500000US010890106233,Block Group 3; Census Tract 106.23; Madison County; Alabama,0,13,0,13,0,13,0,13,0,13,0,13,0,13,15,26,0,13,0,13,15,25,33,52,0,13,0,13,0,13,29,36,0,13,99,84,67,103,336,156,174,92,95,79,27,43,0,13,0,13,0,13
1500000US010890106251,Block Group 1; Census Tract 106.25; Madison County; Alabama,0,13,0,13,0,13,0,13,0,13,0,13,0,13,0,13,0,13,0,13,0,13,0,13,0,13,0,13,0,13,0,13,0,13,0,13,0,13,0,13,0,13,0,13,0,13,0,13,0,13,0,13
1500000US010890106252,Block Group 2; Census Tract 106.25; Madison County; Alabama,0,13,0,13,0,13,0,13,0,13,0,13,51,85,0,13,337,417,0,13,0,13,0,13,0,13,154,203,17,30,0,13,0,13,48,83,6,21,0,13,14,51,0,13,0,13,0,13,0,13,0,13
1500000US010890106253,Block Group 3; Census Tract 106.25; Madison County; Alabama,0,13,0,13,0,13,0,13,0,13,0,13,0,13,0,13,0,13,68,91,0,13,0,13,0,13,139,81,21,43,0,13,0,13,0,13,0,13,0,13,0,13,0,13,0,13,0,13,0,13,0,13
1500000US010890106261,Block Group 1; Census Tract 106.26; Madison County; Alabama,0,13,0,13,0,13,0,13,0,13,0,13,0,13,0,13,0,13,0,13,0,13,0,13,0,13,0,13,19,33,0,13,0,13,68,78,28,47,60,65,0,13,0,13,0,13,0,13,0,13,0,13
1500000US010890106262,Block Group 2; Census Tract 106.26; Madison County; Alabama,0,13,0,13,0,13,0,13,0,13,0,13,0,13,0,13,0,13,0,13,0,13,0,13,0,13,0,13,0,13,0,13,0,13,0,13,0,13,0,13,0,13,0,13,0,13,0,13,0,13,0,13
1500000US010890106263,Block Group 3; Census Tract 106.26; Madison County; Alabama,22,35,0,13,0,13,0,13,0,13,22,37,0,13,0,13,0,13,0,13,0,13,0,13,0,13,0,13,0,13,0,13,0,13,40,58,99,75,219,133,81,84,29,36,0,13,0,13,0,13,0,13
1500000US010890106271,Block Group 1; Census Tract 106.27; Madison County; Alabama,0,13,0,13,0,13,0,13,0,13,0,13,0,13,0,13,0,13,0,13,0,13,0,13,0,13,0,13,0,13,0,13,0,13,0,13,36,42,0,13,11,20,102,68,57,41,0,13,0,13,0,13
1500000US010890106272,Block Group 2; Census Tract 106.27; Madison County; Alabama,0,13,0,13,0,13,0,13,0,13,0,13,0,13,0,13,0,13,0,13,0,13,0,13,14,23,28,45,0,13,0,13,13,21,19,40,0,13,0,13,0,13,0,13,0,13,0,13,0,13,0,13
1500000US010890106273,Block Group 3; Census Tract 106.27; Madison County; Alabama,0,13,0,13,0,13,0,13,0,13,0,13,0,13,0,13,0,13,0,13,0,13,0,13,0,13,0,13,0,13,0,13,0,13,0,13,62,70,0,13,0,13,0,13,29,48,0,13,0,13,0,13
1500000US010890106281,Block Group 1; Census Tract 106.28; Madison County; Alabama,0,13,0,13,0,13,0,13,0,13,0,13,0,13,0,13,0,13,0,13,0,13,0,13,0,13,0,13,0,13,28,32,104,99,168,203,113,48,134,72,0,13,22,33,9,16,0,13,0,13,0,13
1500000US010890106282,Block Group 2; Census Tract 106.28; Madison County; Alabama,0,13,0,13,0,13,0,13,0,13,0,13,0,13,40,50,0,13,0,13,0,13,0,13,0,13,0,13,0,13,0,13,63,58,36,32,103,90,216,107,162,86,95,69,0,13,0,13,0,13,0,13
1500000US010890106291,Block Group 1; Census Tract 106.29; Madison County; Alabama,0,13,0,13,0,13,0,13,0,13,0,13,0,13,0,13,4,9,0,13,0,13,0,13,22,34,12,21,36,33,46,53,66,56,204,130,100,60,197,105,61,55,28,30,0,13,0,13,0,13,0,13
1500000US010890106292,Block Group 2; Census Tract 106.29; Madison County; Alabama,0,13,0,13,0,13,0,13,0,13,0,13,0,13,0,13,0,13,0,13,0,13,4,7,0,13,16,27,24,26,137,89,302,174,181,84,73,55,102,66,0,13,0,13,0,13,10,17,0,13,0,13
1500000US010890106301,Block Group 1; Census Tract 106.30; Madison County; Alabama,0,13,0,13,0,13,0,13,0,13,0,13,14,26,0,13,0,13,0,13,0,13,0,13,0,13,0,13,0,13,0,13,0,13,21,25,102,127,194,83,62,41,32,42,0,13,0,13,0,13,0,13
1500000US010890106302,Block Group 2; Census Tract 106.30; Madison County; Alabama,0,13,0,13,0,13,0,13,0,13,0,13,0,13,0,13,0,13,0,13,0,13,0,13,0,13,0,13,81,68,0,13,8,12,52,46,51,40,326,93,211,79,36,39,0,13,0,13,0,13,0,13
1500000US010890106311,Block Group 1; Census Tract 106.31; Madison County; Alabama,0,13,0,13,0,13,0,13,0,13,0,13,0,13,6,11,0,13,0,13,0,13,0,13,0,13,0,13,0,13,19,30,43,55,124,96,283,160,394,135,208,146,37,39,0,13,0,13,0,13,0,13
1500000US010890106312,Block Group 2; Census Tract 106.31; Madison County; Alabama,0,13,0,13,0,13,0,13,0,13,17,26,0,13,0,13,0,13,0,13,0,13,0,13,0,13,0,13,18,28,0,13,0,13,103,61,190,113,294,123,139,90,98,56,24,26,0,13,0,13,0,13
1500000US010890107031,Block Group 1; Census Tract 107.03; Madison County; Alabama,0,13,0,13,10,15,0,13,0,13,0,13,0,13,0,13,2,6,0,13,3,9,0,13,0,13,62,60,0,13,54,56,0,13,32,33,148,100,158,90,89,80,0,13,0,13,0,13,0,13,0,13
1500000US010890107032,Block Group 2; Census Tract 107.03; Madison County; Alabama,13,21,0,13,0,13,0,13,0,13,22,34,0,13,20,26,0,13,0,13,0,13,0,13,0,13,34,39,0,13,37,36,132,101,412,158,412,161,265,101,21,32,39,58,0,13,0,13,0,13,0,13
1500000US010890107041,Block Group 1; Census Tract 107.04; Madison County; Alabama,19,30,0,13,0,13,0,13,13,22,0,13,0,13,0,13,0,13,0,13,15,23,0,13,0,13,0,13,0,13,16,24,31,36,139,93,239,155,234,117,91,61,81,74,23,34,0,13,0,13,0,13
1500000US010890107042,Block Group 2; Census Tract 107.04; Madison County; Alabama,32,45,0,13,0,13,0,13,0,13,0,13,0,13,0,13,22,38,0,13,0,13,0,13,0,13,0,13,220,274,17,28,57,55,0,13,237,127,82,69,109,129,18,31,0,13,0,13,0,13,0,13
1500000US010890107043,Block Group 3; Census Tract 107.04; Madison County; Alabama,0,13,0,13,0,13,0,13,0,13,0,13,0,13,0,13,0,13,0,13,0,13,0,13,0,13,0,13,78,106,63,49,33,39,179,100,88,73,188,152,0,13,25,40,31,53,26,45,0,13,0,13
1500000US010890107051,Block Group 1; Census Tract 107.05; Madison County; Alabama,5,14,23,25,0,13,0,13,0,13,0,13,0,13,0,13,0,13,0,13,0,13,0,13,0,13,36,51,5,13,112,104,8,13,65,64,44,58,23,31,0,13,6,15,0,13,0,13,0,13,0,13
1500000US010890107052,Block Group 2; Census Tract 107.05; Madison County; Alabama,0,13,0,13,0,13,0,13,0,13,0,13,0,13,0,13,0,13,0,13,0,13,111,112,0,13,181,205,59,77,173,164,71,78,114,120,8,15,237,99,124,66,113,86,0,13,0,13,0,13,0,13
1500000US010890107061,Block Group 1; Census Tract 107.06; Madison County; Alabama,6,17,0,13,0,13,18,29,13,22,0,13,0,13,0,13,0,13,19,29,0,13,0,13,0,13,0,13,0,13,12,19,17,27,10,17,34,37,20,23,17,30,0,13,0,13,0,13,0,13,0,13
1500000US010890107062,Block Group 2; Census Tract 107.06; Madison County; Alabama,21,32,0,13,24,31,0,13,0,13,0,13,0,13,0,13,0,13,0,13,0,13,0,13,0,13,0,13,0,13,40,43,8,16,97,66,49,46,6,11,32,52,10,15,0,13,0,13,0,13,0,13
1500000US010890107063,Block Group 3; Census Tract 107.06; Madison County; Alabama,0,13,0,13,0,13,0,13,0,13,0,13,0,13,0,13,0,13,0,13,0,13,0,13,13,21,33,44,33,38,90,86,0,13,247,102,152,89,182,87,33,39,50,48,0,13,0,13,11,17,0,13
1500000US010890108011,Block Group 1; Census Tract 108.01; Madison County; Alabama,0,13,0,13,18,32,0,13,0,13,0,13,0,13,0,13,0,13,0,13,0,13,0,13,0,13,21,35,0,13,57,62,0,13,260,162,59,44,293,136,12,21,59,50,19,23,0,13,0,13,0,13
1500000US010890108012,Block Group 2; Census Tract 108.01; Madison County; Alabama,0,13,0,13,0,13,0,13,0,13,0,13,0,13,0,13,0,13,0,13,0,13,0,13,0,13,0,13,0,13,0,13,34,55,60,65,155,89,344,317,155,82,203,111,0,13,0,13,0,13,0,13
1500000US010890108013,Block Group 3; Census Tract 108.01; Madison County; Alabama,0,13,17,27,0,13,0,13,0,13,0,13,0,13,0,13,0,13,0,13,0,13,0,13,0,13,0,13,0,13,0,13,0,13,139,131,96,85,108,94,40,48,20,33,0,13,0,13,0,13,0,13
1500000US010890108021,Block Group 1; Census Tract 108.02; Madison County; Alabama,17,30,0,13,0,13,0,13,0,13,0,13,0,13,0,13,0,13,0,13,26,42,0,13,0,13,0,13,0,13,87,104,42,50,80,100,19,32,184,163,0,13,29,45,0,13,0,13,0,13,0,13
1500000US010890108022,Block Group 2; Census Tract 108.02; Madison County; Alabama,0,13,0,13,34,56,0,13,0,13,42,70,0,13,0,13,0,13,0,13,0,13,0,13,0,13,0,13,0,13,65,80,103,123,210,130,383,208,26,31,0,13,16,31,0,13,0,13,0,13,0,13
1500000US010890108023,Block Group 3; Census Tract 108.02; Madison County; Alabama,0,13,0,13,0,13,0,13,0,13,0,13,0,13,0,13,0,13,0,13,15,27,0,13,0,13,0,13,0,13,0,13,0,13,136,168,180,182,130,93,84,61,99,87,17,31,0,13,44,68,0,13
1500000US010890109021,Block Group 1; Census Tract 109.02; Madison County; Alabama,2,3,0,13,0,13,3,4,0,13,0,13,15,23,2,3,8,10,8,12,2,4,8,8,16,15,52,39,16,15,17,12,19,14,12,13,27,21,11,10,18,18,6,7,0,13,0,13,0,13,0,13
1500000US010890109022,Block Group 2; Census Tract 109.02; Madison County; Alabama,0,13,0,13,0,13,0,13,0,13,0,13,0,13,0,13,0,13,0,13,10,12,5,8,19,22,6,10,0,13,10,15,0,13,0,13,40,46,34,24,59,34,9,13,12,15,0,13,0,13,0,13
1500000US010890109023,Block Group 3; Census Tract 109.02; Madison County; Alabama,0,13,0,13,8,13,0,13,29,44,0,13,0,13,11,17,22,24,0,13,0,13,8,14,0,13,8,12,16,17,21,23,28,26,0,13,13,14,46,31,152,139,43,28,9,13,0,13,0,13,0,13
1500000US010890109031,Block Group 1; Census Tract 109.03; Madison County; Alabama,0,13,0,13,0,13,0,13,0,13,0,13,0,13,0,13,0,13,0,13,0,13,0,13,0,13,0,13,0,13,0,13,0,13,97,86,0,13,193,107,91,72,0,13,0,13,11,24,0,13,0,13
1500000US010890109032,Block Group 2; Census Tract 109.03; Madison County; Alabama,0,13,0,13,0,13,0,13,0,13,0,13,0,13,0,13,0,13,0,13,0,13,0,13,0,13,0,13,50,78,0,13,0,13,7,18,0,13,128,103,54,53,106,124,0,13,175,140,0,13,0,13
1500000US010890109033,Block Group 3; Census Tract 109.03; Madison County; Alabama,0,13,0,13,0,13,0,13,0,13,0,13,0,13,0,13,0,13,0,13,0,13,0,13,0,13,0,13,0,13,22,41,83,115,219,170,186,221,311,132,75,58,127,107,0,13,0,13,0,13,0,13
1500000US010890109041,Block Group 1; Census Tract 109.04; Madison County; Alabama,0,13,15,19,0,13,0,13,0,13,0,13,0,13,0,13,0,13,0,13,0,13,0,13,0,13,0,13,0,13,0,13,92,97,42,36,94,92,515,221,135,89,64,38,0,13,0,13,0,13,0,13
1500000US010890109042,Block Group 2; Census Tract 109.04; Madison County; Alabama,0,13,0,13,0,13,0,13,0,13,0,13,0,13,0,13,0,13,0,13,3,7,0,13,0,13,0,13,0,13,0,13,0,13,7,11,0,13,18,21,96,96,272,140,13,16,0,13,0,13,0,13
1500000US010890109051,Block Group 1; Census Tract 109.05; Madison County; Alabama,0,13,0,13,0,13,0,13,0,13,0,13,0,13,0,13,0,13,79,108,0,13,0,13,0,13,35,56,0,13,0,13,47,54,0,13,284,389,173,121,25,43,143,96,94,70,34,42,45,53,0,13
1500000US010890109052,Block Group 2; Census Tract 109.05; Madison County; Alabama,0,13,0,13,0,13,0,13,19,31,0,13,0,13,0,13,0,13,0,13,0,13,0,13,0,13,0,13,0,13,21,37,0,13,41,47,105,120,146,94,157,112,162,101,44,54,21,33,0,13,0,13
1500000US010890109053,Block Group 3; Census Tract 109.05; Madison County; Alabama,0,13,0,13,0,13,0,13,0,13,0,13,0,13,0,13,0,13,0,13,0,13,0,13,0,13,0,13,0,13,0,13,23,37,0,13,36,56,183,104,212,111,551,245,52,48,88,97,16,28,0,13
1500000US010890110121,Block Group 1; Census Tract 110.12; Madison County; Alabama,46,48,0,13,0,13,0,13,43,47,0,13,0,13,0,13,0,13,20,32,0,13,0,13,0,13,0,13,0,13,0,13,82,86,44,45,71,52,90,56,147,97,176,85,147,133,0,13,0,13,0,13
1500000US010890110122,Block Group 2; Census Tract 110.12; Madison County; Alabama,0,13,0,13,15,24,0,13,0,13,0,13,0,13,0,13,0,13,0,13,0,13,0,13,0,13,0,13,0,13,0,13,41,46,83,70,123,86,118,70,61,50,118,83,79,91,55,67,0,13,0,13
1500000US010890110123,Block Group 3; Census Tract 110.12; Madison County; Alabama,0,13,0,13,0,13,0,13,0,13,0,13,0,13,0,13,0,13,0,13,0,13,0,13,0,13,0,13,0,13,0,13,62,56,50,49,46,37,97,63,61,50,109,79,55,45,0,13,0,13,0,13
1500000US010890110131,Block Group 1; Census Tract 110.13; Madison County; Alabama,0,13,0,13,0,13,0,13,0,13,0,13,0,13,0,13,0,13,0,13,0,13,0,13,11,17,61,44,11,16,48,48,34,35,22,21,84,61,64,39,87,57,8,13,10,14,0,13,0,13,0,13
1500000US010890110132,Block Group 2; Census Tract 110.13; Madison County; Alabama,12,18,0,13,0,13,0,13,0,13,0,13,0,13,0,13,0,13,0,13,0,13,0,13,0,13,24,28,14,22,22,26,6,11,85,50,149,96,245,122,121,82,134,71,0,13,0,13,0,13,0,13
1500000US010890110133,Block Group 3; Census Tract 110.13; Madison County; Alabama,0,13,0,13,9,14,0,13,0,13,0,13,0,13,0,13,0,13,0,13,0,13,0,13,27,42,13,23,12,16,45,53,65,38,48,37,27,36,8,14,13,22,0,13,0,13,0,13,0,13,0,13
1500000US010890110211,Block Group 1; Census Tract 110.21; Madison County; Alabama,0,13,0,13,0,13,0,13,0,13,0,13,0,13,0,13,0,13,0,13,0,13,0,13,0,13,0,13,0,13,45,37,19,31,15,24,75,84,0,13,0,13,0,13,0,13,0,13,0,13,0,13
1500000US010890110212,Block Group 2; Census Tract 110.21; Madison County; Alabama,0,13,0,13,0,13,0,13,0,13,0,13,0,13,0,13,0,13,0,13,0,13,0,13,67,104,0,13,0,13,82,99,0,13,14,28,0,13,137,99,135,81,65,45,45,71,0,13,0,13,0,13
1500000US010890110213,Block Group 3; Census Tract 110.21; Madison County; Alabama,0,13,0,13,0,13,0,13,0,13,0,13,0,13,0,13,0,13,0,13,0,13,0,13,0,13,0,13,0,13,18,29,0,13,0,13,0,13,13,23,0,13,0,13,0,13,0,13,0,13,0,13
1500000US010890110231,Block Group 1; Census Tract 110.23; Madison County; Alabama,0,13,0,13,0,13,0,13,0,13,0,13,0,13,0,13,0,13,0,13,0,13,0,13,0,13,0,13,0,13,0,13,13,22,58,34,93,71,83,47,0,13,0,13,0,13,0,13,0,13,0,13
1500000US010890110232,Block Group 2; Census Tract 110.23; Madison County; Alabama,0,13,0,13,0,13,0,13,0,13,0,13,0,13,0,13,0,13,0,13,0,13,0,13,0,13,0,13,0,13,0,13,12,18,19,31,207,124,113,77,109,62,71,48,14,23,30,50,0,13,0,13
1500000US010890110233,Block Group 3; Census Tract 110.23; Madison County; Alabama,0,13,0,13,0,13,0,13,0,13,0,13,0,13,0,13,0,13,0,13,0,13,0,13,0,13,9,17,0,13,0,13,45,45,78,65,115,72,349,200,280,136,302,143,15,25,0,13,0,13,0,13
1500000US010890110241,Block Group 1; Census Tract 110.24; Madison County; Alabama,13,25,0,13,0,13,0,13,0,13,0,13,0,13,0,13,0,13,0,13,0,13,0,13,0,13,0,13,0,13,0,13,17,28,27,36,181,78,354,137,57,37,0,13,0,13,0,13,0,13,0,13
1500000US010890110242,Block Group 2; Census Tract 110.24; Madison County; Alabama,8,13,0,13,0,13,0,13,0,13,0,13,0,13,0,13,0,13,0,13,0,13,0,13,0,13,0,13,0,13,0,13,0,13,48,52,132,143,350,237,160,103,333,119,0,13,0,13,0,13,0,13
1500000US010890110251,Block Group 1; Census Tract 110.25; Madison County; Alabama,0,13,0,13,0,13,0,13,0,13,0,13,0,13,0,13,0,13,0,13,0,13,0,13,0,13,21,34,0,13,0,13,13,21,29,32,0,13,94,62,67,61,30,33,0,13,0,13,0,13,17,27
1500000US010890110252,Block Group 2; Census Tract 110.25; Madison County; Alabama,0,13,0,13,0,13,10,18,0,13,0,13,28,42,0,13,0,13,0,13,0,13,0,13,12,19,0,13,0,13,48,75,17,28,14,25,0,13,0,13,0,13,0,13,0,13,0,13,0,13,0,13
1500000US010890110253,Block Group 3; Census Tract 110.25; Madison County; Alabama,0,13,0,13,0,13,0,13,13,22,0,13,0,13,0,13,0,13,0,13,0,13,0,13,0,13,0,13,0,13,0,13,116,142,14,23,137,90,140,70,57,70,0,13,0,13,0,13,0,13,0,13
1500000US010890110254,Block Group 4; Census Tract 110.25; Madison County; Alabama,0,13,0,13,0,13,0,13,0,13,0,13,12,22,0,13,0,13,0,13,0,13,0,13,0,13,0,13,0,13,18,28,32,36,140,90,71,52,292,133,60,47,92,61,109,54,0,13,0,13,0,13
1500000US010890110261,Block Group 1; Census Tract 110.26; Madison County; Alabama,0,13,0,13,0,13,0,13,0,13,0,13,0,13,0,13,0,13,0,13,0,13,0,13,0,13,15,26,0,13,0,13,0,13,139,133,82,69,48,57,112,58,200,79,9,14,0,13,0,13,0,13
1500000US010890110262,Block Group 2; Census Tract 110.26; Madison County; Alabama,0,13,0,13,0,13,0,13,0,13,0,13,0,13,0,13,0,13,0,13,0,13,0,13,0,13,7,14,0,13,0,13,0,13,0,13,43,47,134,67,124,87,352,147,20,22,6,10,0,13,0,13
1500000US010890110271,Block Group 1; Census Tract 110.27; Madison County; Alabama,0,13,0,13,0,13,0,13,0,13,0,13,0,13,0,13,0,13,0,13,0,13,0,13,0,13,0,13,0,13,0,13,0,13,0,13,0,13,19,28,39,54,224,115,0,13,0,13,0,13,0,13
1500000US010890110272,Block Group 2; Census Tract 110.27; Madison County; Alabama,0,13,0,13,0,13,0,13,0,13,0,13,0,13,0,13,0,13,0,13,0,13,0,13,0,13,0,13,43,51,58,66,112,97,164,79,103,71,48,38,18,24,12,18,0,13,0,13,0,13,0,13
1500000US010890110281,Block Group 1; Census Tract 110.28; Madison County; Alabama,0,13,0,13,0,13,0,13,0,13,0,13,0,13,0,13,0,13,0,13,0,13,11,18,0,13,0,13,70,63,331,395,18,29,48,45,45,44,17,26,12,20,17,27,0,13,0,13,0,13,0,13
1500000US010890110282,Block Group 2; Census Tract 110.28; Madison County; Alabama,0,13,0,13,0,13,0,13,0,13,0,13,0,13,0,13,0,13,0,13,0,13,0,13,0,13,0,13,0,13,0,13,0,13,0,13,0,13,0,13,0,13,0,13,0,13,0,13,0,13,0,13
1500000US010890110283,Block Group 3; Census Tract 110.28; Madison County; Alabama,0,13,0,13,0,13,0,13,0,13,0,13,0,13,0,13,68,104,0,13,0,13,0,13,0,13,0,13,12,20,15,23,15,25,29,33,0,13,73,70,0,13,11,17,0,13,0,13,0,13,0,13
1500000US010890111001,Block Group 1; Census Tract 111; Madison County; Alabama,0,13,0,13,0,13,0,13,0,13,0,13,0,13,0,13,0,13,0,13,0,13,0,13,0,13,0,13,0,13,0,13,0,13,0,13,0,13,0,13,0,13,0,13,0,13,0,13,0,13,0,13
1500000US010890111002,Block Group 2; Census Tract 111; Madison County; Alabama,0,13,0,13,0,13,0,13,0,13,0,13,0,13,0,13,0,13,0,13,0,13,0,13,0,13,0,13,0,13,0,13,0,13,0,13,0,13,8,13,0,13,0,13,0,13,0,13,0,13,0,13
1500000US010890112011,Block Group 1; Census Tract 112.01; Madison County; Alabama,0,13,0,13,0,13,0,13,0,13,0,13,0,13,0,13,0,13,0,13,0,13,0,13,0,13,0,13,0,13,158,129,39,54,55,68,88,89,182,129,87,75,37,47,0,13,0,13,0,13,0,13
1500000US010890112012,Block Group 2; Census Tract 112.01; Madison County; Alabama,0,13,0,13,0,13,0,13,0,13,0,13,0,13,0,13,0,13,0,13,0,13,0,13,0,13,0,13,0,13,0,13,150,176,69,87,122,110,355,180,199,138,315,136,0,13,0,13,15,25,0,13
1500000US010890112021,Block Group 1; Census Tract 112.02; Madison County; Alabama,0,13,0,13,0,13,0,13,0,13,0,13,0,13,0,13,0,13,0,13,0,13,0,13,0,13,0,13,0,13,0,13,0,13,0,13,0,13,10,20,52,46,0,13,0,13,0,13,0,13,0,13
1500000US010890112022,Block Group 2; Census Tract 112.02; Madison County; Alabama,0,13,0,13,0,13,0,13,0,13,22,35,0,13,0,13,0,13,0,13,0,13,0,13,0,13,0,13,0,13,0,13,0,13,61,99,84,63,16,28,183,276,104,110,0,13,0,13,0,13,0,13
1500000US010890112023,Block Group 3; Census Tract 112.02; Madison County; Alabama,0,13,0,13,0,13,0,13,0,13,0,13,0,13,0,13,0,13,0,13,28,49,0,13,0,13,0,13,0,13,0,13,23,38,60,67,0,13,120,104,92,76,159,149,22,38,0,13,0,13,0,13
1500000US010890112031,Block Group 1; Census Tract 112.03; Madison County; Alabama,0,13,0,13,0,13,0,13,0,13,0,13,0,13,0,13,0,13,0,13,0,13,0,13,0,13,0,13,112,119,0,13,0,13,26,44,47,57,60,65,6,15,0,13,0,13,0,13,0,13,0,13
1500000US010890112032,Block Group 2; Census Tract 112.03; Madison County; Alabama,27,42,0,13,0,13,26,39,0,13,25,37,0,13,7,12,7,12,98,96,6,10,0,13,12,22,40,56,13,22,47,57,159,90,154,71,151,104,212,108,0,13,53,85,115,152,0,13,0,13,0,13
1500000US010890112033,Block Group 3; Census Tract 112.03; Madison County; Alabama,0,13,0,13,0,13,0,13,0,13,0,13,0,13,0,13,0,13,0,13,0,13,0,13,0,13,53,84,0,13,0,13,0,13,94,86,67,93,24,35,289,204,68,65,0,13,0,13,0,13,0,13
1500000US010890113011,Block Group 1; Census Tract 113.01; Madison County; Alabama,0,13,0,13,5,7,14,22,4,7,0,13,0,13,2,3,0,13,19,17,38,35,0,13,16,23,17,26,18,15,17,20,27,22,130,65,25,21,72,52,97,62,75,46,36,32,0,13,0,13,0,13
1500000US010890113012,Block Group 2; Census Tract 113.01; Madison County; Alabama,8,12,0,13,0,13,0,13,0,13,0,13,5,8,0,13,0,13,0,13,0,13,4,6,8,10,47,25,47,41,88,51,58,30,189,59,19,17,56,31,9,15,6,9,0,13,0,13,0,13,0,13
1500000US010890113021,Block Group 1; Census Tract 113.02; Madison County; Alabama,0,13,0,13,0,13,0,13,0,13,0,13,0,13,0,13,0,13,0,13,0,13,0,13,0,13,0,13,0,13,21,26,11,20,36,43,72,63,103,62,47,41,77,61,102,67,61,46,0,13,0,13
1500000US010890113022,Block Group 2; Census Tract 113.02; Madison County; Alabama,13,20,0,13,0,13,0,13,0,13,0,13,0,13,0,13,0,13,0,13,12,20,68,84,99,130,9,12,60,69,0,13,25,29,47,41,0,13,65,70,42,37,64,51,0,13,0,13,0,13,0,13
1500000US010890113023,Block Group 3; Census Tract 113.02; Madison County; Alabama,0,13,23,38,0,13,0,13,0,13,0,13,0,13,0,13,0,13,0,13,0,13,0,13,0,13,28,31,0,13,22,31,18,26,32,24,53,52,104,58,119,75,205,91,12,19,0,13,0,13,0,13
1500000US010890114001,Block Group 1; Census Tract 114; Madison County; Alabama,0,13,28,32,10,15,0,13,0,13,0,13,36,57,0,13,0,13,0,13,0,13,11,13,21,19,62,53,8,13,5,9,4,7,2,5,0,13,20,22,0,13,0,13,29,39,12,20,0,13,0,13
1500000US010890114002,Block Group 2; Census Tract 114; Madison County; Alabama,10,11,6,10,0,13,0,13,0,13,0,13,8,12,0,13,0,13,0,13,8,12,12,22,0,13,29,41,0,13,5,9,0,13,32,39,6,12,14,16,0,13,0,13,11,17,0,13,0,13,10,16
1500000US010890114003,Block Group 3; Census Tract 114; Madison County; Alabama,10,15,9,14,0,13,0,13,0,13,0,13,0,13,2,4,5,8,0,13,40,47,56,52,0,13,47,28,0,13,22,33,36,29,0,13,34,42,81,72,11,16,0,13,24,25,0,13,0,13,28,45
1500000US010890114004,Block Group 4; Census Tract 114; Madison County; Alabama,13,16,0,13,0,13,0,13,0,13,0,13,0,13,6,11,0,13,10,16,1,2,3,6,14,18,4,6,33,37,164,191,35,35,108,74,35,36,5,10,5,9,20,21,0,13,5,8,0,13,2,7
